ingredient_name,cas,smiles_canonical,mw,logp,tpsa,hbd,hba,toxicity_mean,toxicity_std,toxicity_q95,toxicity_lo95,toxicity_hi95,permeability_mean,permeability_std,permeability_q95,permeability_lo95,permeability_hi95,iri_mean,iri_std,iri_q95,iri_lo95,iri_hi95,pareto,composite_score
.ALPHA.-TERPINEOL,98555,CC1=CCC(C(C)(C)O)CC1,154.25299999999996,2.503700000000001,20.23,1,1,67.95602264404297,1.1252783043393437,52.46230189005534,15.493720753987631,120.41832453409832,25.14621925354004,0.5790947516392226,42.173542175292965,-17.027322921752926,67.319761428833,46.79121322631836,0.9666654778648507,48.053759123547245,-1.2625458972288826,94.8449723498656,False,0.5079650394799196
.ALPHA.-TOCOPHEROL,1406184,Cc1c(C)c2c(c(C)c1O)CC[C@@](C)(CCC[C@H](C)CCC[C@H](C)CCCC(C)C)O2,430.7170000000003,8.840260000000002,29.46,1,2,70.2892822265625,1.3504107565385453,52.46230189005534,17.826980336507162,122.75158411661785,24.084042358398438,0.38794788301997435,42.173542175292965,-18.089499816894527,66.2575845336914,46.23830032348633,1.2650216538130286,48.053759123547245,-1.8154588000609166,94.29205944703358,False,0.4577492627408275
.ALPHA.-TOCOPHEROL ACETATE,7695912,CC(=O)Oc1c(C)c(C)c2c(c1C)CCC(C)(CCCC(C)CCCC(C)CCCC(C)C)O2,472.7540000000004,9.059960000000002,35.53,0,3,70.94992218017578,1.6306678886368116,52.46230189005534,18.487620290120432,123.41222407023112,24.50344886779785,0.5143715020406303,42.173542175292965,-17.670093307495115,66.67699104309082,45.66327056884766,1.0119054762453765,48.053759123547245,-2.390488554699587,93.7170296923949,False,0.4534060750890623
".ALPHA.-TOCOPHEROL, DL-",10191410,Cc1c(C)c2c(c(C)c1O)CCC(C)(CCCC(C)CCCC(C)CCCC(C)C)O2,430.7170000000003,8.840260000000002,29.46,1,2,70.2892822265625,1.3504107565385453,52.46230189005534,17.826980336507162,122.75158411661785,24.084042358398438,0.38794788301997435,42.173542175292965,-18.089499816894527,66.2575845336914,46.23830032348633,1.2650216538130286,48.053759123547245,-1.8154588000609166,94.29205944703358,False,0.4577492627408275
1-(PHENYLAZO)-2-NAPHTHYLAMINE,85847,Nc1ccc2ccccc2c1N=Nc1ccccc1,247.30100000000002,4.837400000000002,50.739999999999995,1,3,65.49496612548828,1.3462974063790298,52.46230189005534,13.032664235432932,117.95726801554362,23.23222122192383,0.5009350146221755,42.173542175292965,-18.941320953369136,65.40576339721679,34.90359191894531,0.9188339032574215,48.053759123547245,-13.150167204601935,82.95735104249255,True,0.5754343622506425
"1,2,6-HEXANETRIOL",106694,OCCCCC(O)CO,134.175,-0.4977999999999999,60.69,3,3,59.208195495605466,1.4657101958339331,52.46230189005534,6.745893605550123,111.67049738566081,17.330634307861327,0.422132849185606,42.173542175292965,-24.842907867431638,59.504176483154296,60.30992584228515,1.1472904909095802,48.053759123547245,12.256166718737909,108.36368496583239,False,0.3461144779134591
"1,4-SORBITAN",27299123,OC[C@@H](O)[C@H]1OC[C@H](O)[C@H]1O,164.157,-2.539799999999999,90.15,4,5,59.75917510986328,1.9593355586311827,52.46230189005534,7.296873219807935,112.22147699991862,21.97435646057129,0.6425374231509766,42.173542175292965,-20.199185714721676,64.14789863586425,76.9249481201172,0.8945565806705573,48.053759123547245,28.87118899656995,124.97870724366445,False,0.30004421018747307
2-(4-STYRYL-3-SULFOPHENOL)-6-METHOXYBENZOTRIAZOLE,1333659,COc1ccc2nn(S(=O)(=O)c3cc(O)ccc3C=Cc3ccccc3)nc2c1,407.45100000000014,3.552900000000002,94.31,1,6,66.57803344726562,1.4392842953352778,52.46230189005534,14.115731557210282,119.04033533732097,23.58266830444336,0.5044786615790836,42.173542175292965,-18.590873870849606,65.75621047973632,40.642825317382815,0.31781626339066654,48.053759123547245,-7.410933806164429,88.69658444093005,False,0.5464350576896675
2-AMINOETHANOL,141435,NCCO,61.083999999999996,-1.0626000000000002,46.25,2,2,56.795658874511716,1.221985354752335,52.46230189005534,4.333356984456373,109.25796076456706,26.924009704589842,0.6609537212318796,42.173542175292965,-15.249532470703123,69.09755187988281,70.24576568603516,1.0879875697326287,48.053759123547245,22.19200656248791,118.29952480958241,True,0.49914050903603974
2-NAPHTHALENOL,135193,Oc1ccc2ccccc2c1,144.17299999999997,2.5454,20.23,1,1,63.047325897216794,2.3840587975546197,52.46230189005534,10.58502400716145,115.50962778727214,21.120008850097655,0.6798651135160152,42.173542175292965,-21.05353332519531,63.29355102539062,36.60656204223633,0.9129586067627068,48.053759123547245,-11.447197081310918,84.66032116578357,True,0.5015808489976578
ACESULFAME,33665906,CC1=CC(=O)NS(=O)(=O)O1,163.154,-0.7185999999999999,72.47,1,4,66.02053375244141,1.2823181440368412,52.46230189005534,13.558231862386066,118.48283564249675,24.797701263427733,0.3842576215616052,42.173542175292965,-17.375840911865232,66.9712434387207,50.490543365478516,1.2950748387241418,48.053759123547245,2.436784241931271,98.54430248902577,False,0.49331894079105476
ACESULFAME POTASSIUM,55589623,CC1=CC(=O)[N-]S(=O)(=O)O1.[K+],201.24399999999997,-2.9304999999999994,74.54,0,4,66.65894317626953,1.2655812241200897,52.46230189005534,14.196641286214188,119.12124506632487,24.7105712890625,0.44716774249473346,42.173542175292965,-17.462970886230465,66.88411346435547,49.182559967041016,1.192882324873717,48.053759123547245,1.1288008434937709,97.23631909058827,False,0.4932638992992351
ACETIC ACID,463832,CC(O)(O)O,78.06700000000001,-1.363,60.69,3,3,64.36492691040038,0.6517928994417287,52.46230189005534,11.902625020345042,116.82722880045573,24.0827392578125,0.3549831415212525,42.173542175292965,-18.090802917480467,66.25628143310547,69.64861907958985,0.620050132073376,48.053759123547245,21.594859956042605,117.7023782031371,False,0.41169971022191837
ACETIC ANHYDRIDE,108247,CC(=O)OC(C)=O,102.089,0.09600000000000009,43.370000000000005,0,3,67.88584594726562,0.6651466937325997,52.46230189005534,15.423544057210279,120.34814783732097,24.466511535644532,1.1894862663733763,42.173542175292965,-17.707030639648433,66.6400537109375,46.863092041015626,1.4820115292152927,48.053759123547245,-1.1906670825316183,94.91685116456287,False,0.45897743957471343
ACETYLTRIBUTYL CITRATE,77907,CCCCOC(=O)CC(CC(=O)OCCCC)(OC(C)=O)C(=O)OCCCC,402.4840000000002,3.0984000000000016,105.2,0,8,72.29259796142578,1.357563777207944,52.46230189005534,19.83029607137044,124.75489985148113,21.778803634643555,0.8786035660823983,42.173542175292965,-20.39473854064941,63.95234580993652,40.42165985107422,1.5412677836338,48.053759123547245,-7.632099272473027,88.47541897462146,False,0.3899936066045778
ADIPIC ACID,124049,O=C(O)CCCCC(=O)O,146.14200000000002,0.716,74.6,2,2,64.49063568115234,0.693680144470796,52.46230189005534,12.028333791096998,116.95293757120768,17.400163650512695,0.5573670444852488,42.173542175292965,-24.77337852478027,59.57370582580566,52.540985107421875,1.1577291091200341,48.053759123547245,4.48722598387463,100.59474423096913,False,0.3595148398793487
AGAR,9002180,CO[C@H]1[C@@H](O)[C@@H](CO)OC(OC2C3CO[C@H]2[C@H](O)C(C)O3)[C@@H]1O,336.33700000000005,-2.6273999999999957,127.07000000000002,4,9,66.00967025756836,1.9187023594109087,52.46230189005534,13.547368367513016,118.4719721476237,24.69297218322754,0.8999560433203921,42.173542175292965,-17.480569992065426,66.8665143585205,73.80652160644532,0.851989022951566,48.053759123547245,25.75276248289807,121.86028072999255,False,0.2942576579795322
ALCLOXA,1317255,NC(=O)NC1N=C([O-])NC1=O.[Al+3].[Al+3].[Cl-].[OH-].[OH-].[OH-].[OH-],314.554,-7.637900000000004,239.64000000000001,3,8,67.0246810913086,0.9537989520729695,52.46230189005534,14.56237920125325,119.48698298136394,22.70963363647461,0.6038471239907464,42.173542175292965,-19.463908538818355,64.88317581176757,46.431819915771484,0.9094694864761232,48.053759123547245,-1.6219392077757604,94.48557903931874,False,0.47720240370331335
ALCOHOL,8024451,CCO,46.069,-0.0014000000000000123,20.23,1,1,58.930032348632814,1.348831556755066,52.46230189005534,6.467730458577471,111.39233423868816,25.36784553527832,1.3182124613848305,42.173542175292965,-16.805696640014645,67.54138771057129,50.998876953125,2.335565896605215,48.053759123547245,2.945117829577754,99.05263607667224,True,0.4927556311501521
ALGELDRATE,1330445,O.[Al+3].[OH-].[OH-].[OH-],96.01799999999999,-1.7358999999999998,121.5,0,3,68.3060287475586,1.4421021199296393,52.46230189005534,15.843726857503256,120.76833063761394,21.523281478881835,1.0289085777987534,42.173542175292965,-20.65026069641113,63.6968236541748,42.53378524780273,1.710778962962998,48.053759123547245,-5.519973875744512,90.58754437134998,False,0.398422899217972
ALLANTOIN,97596,NC(=O)NC1NC(=O)NC1=O,158.117,-2.1798,113.32,4,3,65.32646408081055,1.604198290641515,52.46230189005534,12.86416219075521,117.7887659708659,24.65668601989746,0.610444705124865,42.173542175292965,-17.516856155395505,66.83022819519043,50.158450317382815,0.6745418409022624,48.053759123547245,2.1046911938355706,98.21220944093005,False,0.49509170385315465
ALUMINUM ACETATE,139128,CC(=O)[O-].CC(=O)[O-].CC(=O)[O-].[Al+3],204.11399999999998,-4.112199999999998,120.38999999999999,0,6,66.38829956054687,0.9152196070096881,52.46230189005534,13.925997670491526,118.85060145060221,23.247621154785158,0.9963404903622441,42.173542175292965,-18.925921020507808,65.42116333007812,41.39478607177735,1.3081490513972212,48.053759123547245,-6.658973051769898,89.44854519532458,False,0.4958302045759193
ALUMINUM HYDROXIDE,21645512,[Al+3].[OH-].[OH-].[OH-],78.003,-0.9111999999999998,90.0,0,3,70.25986022949219,1.5916181825799796,52.46230189005534,17.797558339436847,122.72216211954753,22.281156539916992,1.0408009968063352,42.173542175292965,-19.892385635375973,64.45469871520996,47.72010498046875,1.968120491081524,48.053759123547245,-0.3336541430784976,95.77386410401598,False,0.3429271592126809
ALUMINUM MONOSTEARATE,7047849,CCCCCCCCCCCCCCCCCC(=O)[O-].[Al+3].[OH-].[OH-],344.472,4.2634000000000025,100.13,0,4,72.47982177734374,1.577509104404509,52.46230189005534,20.0175198872884,124.94212366739909,21.19301528930664,1.0499691764063932,42.173542175292965,-20.980526885986325,63.36655746459961,35.721903228759764,1.4760185364692908,48.053759123547245,-12.33185589478748,83.77566235230701,False,0.39208302861557964
ALUMINUM SILICATE PENTAHYDRATE,nan,O.O.O.O.O.[Al+3].[Al+3].[O-2].[O-][Si]([O-])([O-])[O-],252.11999999999998,-10.140699999999997,278.24,0,4,68.65832977294922,1.4430428425848993,52.46230189005534,16.196027882893873,121.12063166300456,20.864486694335938,0.8605278967453919,42.173542175292965,-21.309055480957028,63.0380288696289,47.50723495483398,1.9549973360938033,48.053759123547245,-0.5465241687132618,95.56099407838123,False,0.349465839971844
ALUMINUM SULFATE,17927650,O=S(=O)([O-])[O-].O=S(=O)([O-])[O-].O=S(=O)([O-])[O-].[Al+3].[Al+3],342.153,-4.775599999999999,240.78,0,12,66.43376922607422,1.2341021501803384,52.46230189005534,13.971467336018875,118.89607111612956,21.73534736633301,1.1216650512791362,42.173542175292965,-20.438194808959956,63.908889541625975,43.72807693481445,1.4547387303096386,48.053759123547245,-4.325682188732792,91.7818360583617,False,0.42548498367850296
AMINOBENZOATE SODIUM,555066,Nc1ccc(C(=O)[O-])cc1.[Na+],159.12,-3.3636999999999997,66.15,1,3,65.54979858398437,1.250017493267141,52.46230189005534,13.087496693929026,118.01210047403971,24.686888122558592,0.33743695959592046,42.173542175292965,-17.486654052734373,66.86043029785156,35.74402008056641,0.898377431921727,48.053759123547245,-12.309739042980837,83.79777920411365,True,0.612496961424629
AMINOMETHYLPROPANOL,124685,CC(C)(N)CO,89.13799999999999,-0.2840000000000001,46.25,2,2,67.86638031005859,0.5667264505468396,52.46230189005534,15.404078420003245,120.32868220011393,26.08096046447754,0.3997739323094928,42.173542175292965,-16.092581710815427,68.25450263977051,54.978119659423825,1.1748764799120908,48.053759123547245,6.9243605358765805,103.03187878297106,False,0.4961767673126339
AMMONIA SOLUTION,8007576,N,17.031,0.16199999999999998,35.0,1,1,64.9426513671875,0.9224499183084879,52.46230189005534,12.480349477132151,117.40495325724284,19.267039489746093,1.4282243469009215,42.173542175292965,-22.906502685546872,61.44058166503906,58.78388671875,0.950719954359715,48.053759123547245,10.730127595202752,106.83764584229723,False,0.2978913935657061
AMMONIUM ACETATE,631618,CC(=O)[O-].[NH4+],77.083,-0.8676000000000001,76.63,1,2,65.90418853759766,0.6117164016980922,52.46230189005534,13.441886647542319,118.366490427653,22.232485961914062,0.9736444102763999,42.173542175292965,-19.941056213378904,64.40602813720703,50.92561645507813,0.9345250765010764,48.053759123547245,2.871857331530883,98.97937557862537,False,0.4391438286605868
AMMONIUM CHLORIDE,12125029,[Cl-].[NH4+],53.492000000000004,-2.6198,36.5,1,0,64.23654251098633,0.8275185627147668,52.46230189005534,11.774240620930982,116.69884440104167,23.596573638916016,0.8089678983642887,42.173542175292965,-18.57696853637695,65.77011581420898,55.36550369262695,1.3112164997608735,48.053759123547245,7.311744569079707,103.4192628161742,False,0.4463031424436963
AMMONIUM LAURYL SULFATE,2235543,CCCCCCCCCCCCOS(=O)(=O)[O-].[NH4+],283.43399999999997,3.760300000000001,102.93,1,4,72.19095916748047,1.2265431698108136,52.46230189005534,19.72865727742513,124.65326105753581,20.250886154174804,0.758114113522328,42.173542175292965,-21.92265602111816,62.42442832946777,40.18943710327149,0.9163013297006709,48.053759123547245,-7.8643220202757576,88.24319622681872,False,0.3921418671358063
"AMMONIUM PHOSPHATE, DIBASIC",7783280,O=P([O-])([O-])O.[NH4+].[NH4+],132.056,-1.4402000000000004,156.42000000000002,3,3,67.73532409667969,0.505782310095577,52.46230189005534,15.273022206624347,120.19762598673503,20.13268585205078,0.6783703321172847,42.173542175292965,-22.040856323242185,62.30622802734375,52.36733551025391,0.8919565487669988,48.053759123547245,4.313576386706664,100.42109463380115,False,0.3878584732602485
AMMONIUM SULFATE,7783202,O=S(=O)([O-])[O-].[NH4+].[NH4+],132.141,-0.5855999999999999,153.26,2,4,65.63739166259765,0.6040666700509754,52.46230189005534,13.175089772542307,118.099693552653,20.7515007019043,0.5746204521956266,42.173542175292965,-21.422041473388667,62.925042877197264,48.70981979370117,1.3305276858772221,48.053759123547245,0.6560606701539271,96.76357891724842,False,0.4382012745710313
ANHYDROUS CITRIC ACID,77929,O=C(O)CC(O)(CC(=O)O)C(=O)O,192.123,-1.2484999999999995,132.13,4,4,62.155662536621094,0.548557942532676,52.46230189005534,9.69336064656575,114.61796442667644,18.881148910522462,0.43164482590076186,42.173542175292965,-23.292393264770503,61.05469108581543,52.04388198852539,1.5438146581929182,48.053759123547245,3.9901228649781473,100.09764111207264,False,0.42016784209046315
ANHYDROUS DEXTROSE,2280446,OC[C@H]1OC(O)[C@H](O)[C@@H](O)[C@@H]1O,180.156,-3.2214000000000005,110.38000000000001,5,6,61.27035369873047,2.1179118263554377,52.46230189005534,8.808051808675124,113.7326555887858,23.59168472290039,0.9403140937746358,42.173542175292965,-18.581857452392576,65.76522689819336,78.78273315429688,0.6612786881089762,48.053759123547245,30.728974030749633,126.83649227784412,False,0.2878282253459048
ANHYDROUS DIBASIC CALCIUM PHOSPHATE,7757939,O=P([O-])([O-])O.[Ca+2],136.05599999999998,-2.5734,83.42,1,3,66.93794097900391,1.3176583272705573,52.46230189005534,14.475639088948569,119.40024286905926,21.010498809814454,0.9033255800294977,42.173542175292965,-21.16304336547851,63.184040985107416,46.68063049316406,0.37565610623213386,48.053759123547245,-1.3731286303831851,94.7343896167113,False,0.42780436868979904
ANHYDROUS LACTOSE,16984386,OC[C@H]1O[C@@H](O[C@H]2[C@H](O)[C@@H](O)C(O)O[C@@H]2CO)[C@H](O)[C@@H](O)[C@H]1O,342.297,-5.397199999999993,189.52999999999997,8,11,62.9018913269043,1.7485770907416216,52.46230189005534,10.439589436848955,115.36419321695965,24.427781295776366,0.8729474534640425,42.173542175292965,-17.7457608795166,66.60132347106934,76.99129638671874,0.7788025856593506,48.053759123547245,28.9375372631715,125.045055510266,False,0.31199324490920066
ANHYDROUS TRISODIUM CITRATE,994365,O=C([O-])CC(O)(CC(=O)[O-])C(=O)[O-].[Na+].[Na+].[Na+],258.06899999999996,-14.240600000000004,140.62,1,7,65.48359832763671,1.2327527561218945,52.46230189005534,13.02129643758137,117.94590021769206,23.093351745605467,0.7301639598002633,42.173542175292965,-19.080190429687498,65.26689392089844,43.45162124633789,1.181526468606956,48.053759123547245,-4.602137877209351,91.50538036988513,False,0.49721443425666845
AQUAPHOR,8029150,Cc1cccc(C)c1NC(=O)c1cc(S(N)(=O)=O)c(Cl)cc1O,354.81500000000005,2.5621400000000008,109.49,3,4,67.32576751708984,1.492261269456669,52.46230189005534,14.8634656270345,119.78806940714519,24.787271118164064,0.30868412290876573,42.173542175292965,-17.3862710571289,66.96081329345702,44.44686279296875,0.7137498555385774,48.053759123547245,-3.6068963305784933,92.500621916516,False,0.5343279851257002
ARGININE,74793,NC(N)=NCCC[C@H](N)C(=O)O,174.20399999999998,-1.548099999999999,127.72000000000001,4,3,66.84834136962891,0.7350929590986027,52.46230189005534,14.386039479573569,119.31064325968426,25.973189544677734,0.2268661227216716,42.173542175292965,-16.20035263061523,68.1467317199707,53.4068115234375,1.1522782144140884,48.053759123547245,5.353052399890252,101.46057064698473,True,0.5210052431112785
ARLACEL,8029229,CCCCCCCC/C=C/CCCCCCCC(=O)OCC(O)C1OCC(O)C1O,428.61000000000007,4.048600000000004,96.22000000000001,3,6,70.00978088378906,1.2323018801625851,52.46230189005534,17.54747899373372,122.4720827738444,22.44455223083496,0.5070612314613362,42.173542175292965,-19.728989944458004,64.61809440612792,46.85203247070312,0.34235884143875767,48.053759123547245,-1.2017266528441226,94.90579159425036,False,0.4485707503785771
ASCORBIC ACID,50817,O=C1O[C@H]([C@@H](O)CO)C(O)=C1O,176.124,-1.4073999999999995,107.22000000000001,4,6,59.14400405883789,1.2261461820551693,52.46230189005534,6.68170216878255,111.60630594889324,23.011002349853516,0.5812607790465592,42.173542175292965,-19.16253982543945,65.18454452514648,64.8382781982422,1.2315922002648398,48.053759123547245,16.78451907469495,112.89203732178945,False,0.42917427324935814
ASCORBYL PALMITATE,1330843,CCCCCCCCCCCCCCCC(=O)OC1=C(O)C(=O)O[C@H]1[C@@H](O)CO,414.5390000000001,4.0591000000000035,113.29,3,7,70.83758697509765,0.9677122685153546,52.46230189005534,18.375285085042307,123.299888865153,22.80197868347168,0.580897848109456,42.173542175292965,-19.371563491821284,64.97552085876464,45.77938232421875,0.5434311108296447,48.053759123547245,-2.2743767993284933,93.833141447766,False,0.45262890130111655
ASPARTAME,22839470,COC(=O)[C@H](Cc1ccccc1)NC(=O)[C@@H](N)CC(=O)O,294.307,-0.31109999999999954,118.72000000000001,3,5,67.29500732421874,0.9694741621868808,52.46230189005534,14.832705434163401,119.75730921427409,23.765726852416993,0.7045324787024718,42.173542175292965,-18.407815322875972,65.93926902770995,39.37112655639648,1.2479674544225223,48.053759123547245,-8.682632567150762,87.42488567994373,False,0.526957289412192
ASPARTIC ACID,56848,N[C@@H](CC(=O)O)C(=O)O,133.10299999999998,-1.127,100.62000000000002,3,3,62.35893783569336,0.503631551435467,52.46230189005534,9.896635945638018,114.82123972574871,21.325121688842774,0.3529969345899607,42.173542175292965,-20.84842048645019,63.498663864135736,53.801107025146486,1.6266417244835782,48.053759123547245,5.747347901599241,101.85486614869373,False,0.45972180214302827
BARIUM SULFATE,13462867,O=S(=O)([O-])[O-].[Ba+2],233.391,-1.7187999999999997,80.26,0,4,66.12083435058594,1.3718879850581982,52.46230189005534,13.658532460530594,118.58313624064128,20.772360229492186,0.9053836792954573,42.173542175292965,-21.40118194580078,62.94590240478515,43.69490203857422,1.1600111421991872,48.053759123547245,-4.358857084973025,91.74866116212146,False,0.42631964046586635
BENZENESULFONIC ACID,98113,O=S(=O)(O)c1ccccc1,158.178,0.9333000000000001,54.370000000000005,1,2,64.11484603881836,1.8904674746701846,52.46230189005534,11.652544148763013,116.5771479288737,22.07865104675293,0.5051656974690546,42.173542175292965,-20.094891128540034,64.25219322204589,38.198950958251956,1.324038329377809,48.053759123547245,-9.854808165295289,86.2527100817992,False,0.51324572497088
BENZETHONIUM CHLORIDE,121540,CC(C)(C)CC(C)(C)c1ccc(OCCOCC[N+](C)(C)Cc2ccccc2)cc1.[Cl-],448.0910000000001,3.0764000000000014,18.46,0,2,71.91279602050781,1.3658648571928016,52.46230189005534,19.45049413045247,124.37509791056316,22.866944885253908,0.3911862040895732,42.173542175292965,-19.306597290039058,65.04048706054687,39.935095977783206,1.2135892892205717,48.053759123547245,-8.118663145764039,87.98885510133044,False,0.4581118748968157
BENZOCAINE,94097,CCOC(=O)c1ccc(N)cc1,165.19199999999998,1.4455,52.32,1,3,69.31236572265625,1.537221663327364,52.46230189005534,16.85006383260091,121.7746676127116,24.640172958374023,0.5694481412379331,42.173542175292965,-17.533369216918942,66.81371513366699,37.181592559814455,1.0675656254151689,48.053759123547245,-10.87216656373279,85.2353516833617,False,0.5305988669097312
BENZOIC ACID,65850,O=C(O)c1ccccc1,122.12299999999996,1.3848,37.3,1,1,63.474266815185544,0.9497985698779742,52.46230189005534,11.0119649251302,115.93656870524089,20.028390884399414,0.7125195808180956,42.173542175292965,-22.14515129089355,62.20193305969238,38.121543884277344,1.392638070226496,48.053759123547245,-9.932215239269901,86.1753030078246,False,0.49759254670229697
"BENZOIN, (+/-)-",119539,O=C(c1ccccc1)C(O)c1ccccc1,212.248,2.602900000000001,37.3,1,2,64.71095962524414,1.4115508438116706,52.46230189005534,12.2486577351888,117.17326151529949,22.616583633422852,0.909266706236757,42.173542175292965,-19.556958541870113,64.79012580871581,32.492893600463866,1.8405926240782353,48.053759123547245,-15.560865523083379,80.54665272401111,True,0.5336195897363121
BENZYL ALCOHOL,100516,OCc1ccccc1,108.13999999999997,1.1789,20.23,1,1,60.33155059814453,1.8268944444467807,52.46230189005534,7.869248708089188,112.79385248819987,18.192803573608398,1.0736895515465033,42.173542175292965,-23.980738601684568,60.36634574890137,35.83248443603516,0.7180208351958955,48.053759123547245,-12.221274687512086,83.8862435595824,True,0.47985204062682707
BENZYL BENZOATE,120514,O=C(OCc1ccccc1)c1ccccc1,212.248,3.0436000000000014,26.3,0,2,65.47891845703126,1.7427554974419621,52.46230189005534,13.016616566975912,117.9412203470866,22.208584594726563,0.9472473300337422,42.173542175292965,-19.964957580566402,64.38212677001952,31.36495246887207,1.4960963499976718,48.053759123547245,-16.688806654675176,79.41871159241931,True,0.5210227920490417
BORIC ACID,10043353,OB(O)O,61.83300000000001,-2.0518,60.69,3,3,61.5832878112793,0.7434187735336923,52.46230189005534,9.120985921223955,114.04558970133465,21.53197326660156,0.4863485160806139,42.173542175292965,-20.641568908691404,63.705515441894526,57.58544845581055,1.7699268692498273,48.053759123547245,9.531689332263305,105.63920757935779,False,0.42646011837211795
BUTYL ALCOHOL,71363,CCCCO,74.12299999999999,0.7787999999999999,20.23,1,1,59.75917510986328,0.9892608522363047,52.46230189005534,7.296873219807935,112.22147699991862,25.51173973083496,1.3162229581601024,42.173542175292965,-16.661802444458004,67.68528190612793,55.73146362304688,2.081751712319138,48.053759123547245,7.677704499499633,103.78522274659412,True,0.4747038607963425
BUTYL STEARATE,123955,CCCCCCCCCCCCCCCCCC(=O)OCCCC,340.5920000000001,7.591200000000009,26.3,0,2,76.6843765258789,1.7322501475673973,52.46230189005534,24.22207463582356,129.14667841593425,20.9114200592041,0.7306752694437512,42.173542175292965,-21.262122116088864,63.08496223449707,37.048892211914065,1.1000593559782892,48.053759123547245,-11.00486691163318,85.1026513354613,False,0.35465480668928684
BUTYLATED HYDROXYANISOLE,25013165,COc1ccc(O)c(C(C)(C)C)c1,180.24699999999999,2.6983000000000006,29.46,1,2,69.8091812133789,2.1062545417850225,52.46230189005534,17.346879323323563,122.27148310343425,24.916662216186523,0.6425917568645445,42.173542175292965,-17.256879959106442,67.09020439147949,43.38527145385742,1.3826800437158977,48.053759123547245,-4.668487669689824,91.43903057740467,False,0.4547306323722511
BUTYLATED HYDROXYTOLUENE,128370,Cc1cc(C(C)(C)C)c(O)c(C(C)(C)C)c1,220.356,4.295620000000004,20.23,1,1,69.24374237060547,1.8217962414805011,52.46230189005534,16.78144048055013,121.70604426066082,24.279703903198243,0.6331755829609821,42.173542175292965,-17.893838272094722,66.4532460784912,41.10727081298828,1.9385093007497094,48.053759123547245,-6.946488310558962,89.16102993653553,False,0.45693829910077566
BUTYLENE GLYCOL,107880,CC(O)CCO,90.122,-0.25039999999999996,40.46,2,2,60.78089218139648,0.8636109779874679,52.46230189005534,8.318590291341138,113.24319407145182,26.33126792907715,0.43974493342684806,42.173542175292965,-15.842274246215815,68.50481010437011,65.31378326416015,1.7370267616814525,48.053759123547245,17.260024140612906,113.3675423877074,False,0.4810587409185074
BUTYLPARABEN,94268,CCCCOC(=O)c1ccc(O)cc1,194.23,2.349100000000001,46.53,1,3,69.41132507324218,1.4373954511526184,52.46230189005534,16.94902318318684,121.87362696329753,23.38103141784668,0.44166963532376186,42.173542175292965,-18.792510757446287,65.55457359313965,37.845088195800784,1.0947107407458492,48.053759123547245,-10.20867092774646,85.89884731934802,False,0.5092500036763112
C12-15 ALKYL LACTATE,93925361,CCCCCCCCCCCCOC(=O)C(C)O,258.40199999999993,3.831300000000003,46.53,1,3,73.45874481201172,1.3689830918687165,52.46230189005534,20.996442921956373,125.92104670206706,22.937018203735352,0.7302603306465956,42.173542175292965,-19.236523971557613,65.11056037902831,39.758164978027345,1.547206725754996,48.053759123547245,-8.2955941455199,87.81192410157459,False,0.4131967449261753
CAFFEINE,58082,Cn1c(=O)c2c(ncn2C)n(C)c1=O,194.194,-1.0293,61.82,0,3,68.22879486083984,2.0475337089293686,52.46230189005534,15.766492970784498,120.69109675089518,23.21546325683594,0.5660384153862006,42.173542175292965,-18.958078918457026,65.3890054321289,45.65774154663086,1.2617555064264971,48.053759123547245,-2.3960175769163854,93.71150067017811,False,0.4324331280416128
CALCIUM ACETATE,62544,CC(=O)[O-].CC(=O)[O-].[Ca+2],158.166,-2.8683999999999985,80.25999999999999,0,4,66.18101501464844,0.8398526988412129,52.46230189005534,13.718713124593094,118.64331690470378,23.584188842773436,1.0781507793757976,42.173542175292965,-18.58935333251953,65.75773101806641,41.361610412597656,1.2267182421008476,48.053759123547245,-6.6921487109495885,89.41536953614491,False,0.5056584456195719
CALCIUM CARBONATE,287389462,O=[13C]([O-])[O-].[Ca+2],101.07835484,-2.8278,63.19,0,3,60.26735916137695,0.9752769299613365,52.46230189005534,7.805057271321608,112.72966105143229,21.219088745117187,1.046250287989313,42.173542175292965,-20.95445343017578,63.392630920410156,51.85312728881836,1.7257349268046298,48.053759123547245,3.7993681652711118,99.9068864123656,False,0.43437189333218906
CALCIUM HYDROXIDE,1305620,[Ca+2].[OH-].[OH-],74.092,-0.7343999999999999,60.0,0,2,67.9757064819336,1.3913254005601554,52.46230189005534,15.513404591878256,120.43800837198894,22.65357551574707,0.5987042263426725,42.173542175292965,-19.519966659545894,64.82711769104003,48.74990615844727,1.894686188632379,48.053759123547245,0.6961470349000223,96.80366528199451,False,0.40437575293772854
CALCIUM PHOSPHATE,10103465,O=P([O-])([O-])[O-].O=P([O-])([O-])[O-].[Ca+2].[Ca+2].[Ca+2],310.174,-6.7916,172.5,0,8,67.58571014404296,1.0146943579949175,52.46230189005534,15.12340825398762,120.0480120340983,21.81009178161621,0.9779445909820523,42.173542175292965,-20.363450393676754,63.98363395690917,45.055066680908205,1.1918322257985905,48.053759123547245,-2.9986924426390402,93.10882580445545,False,0.4291454483000521
"CALCIUM PHOSPHATE, MONOBASIC, ANHYDROUS",7758238,O=P([O-])(O)O.O=P([O-])(O)O.[Ca+2],234.04999999999998,-3.5020000000000007,161.17999999999998,4,4,68.5199981689453,1.1371325112544972,52.46230189005534,16.057696278889964,120.98230005900065,20.617655944824218,0.9128945962035835,42.173542175292965,-21.555886230468747,62.79119812011719,48.70981903076172,1.1363669742474034,48.053759123547245,0.6560599072144768,96.76357815430896,False,0.37054685789880437
CALCIUM PYROPHOSPHATE,7790763,O=P([O-])([O-])OP(=O)([O-])[O-].[Ca+2].[Ca+2],254.097,-4.1012,135.61,0,7,65.07019805908203,1.0899039004610083,52.46230189005534,12.607896169026688,117.53249994913737,22.600124740600585,1.0751004253027299,42.173542175292965,-19.57341743469238,64.77366691589356,45.16565093994141,1.3842047812699558,48.053759123547245,-2.888108183605837,93.21941006348865,False,0.4587645718278919
CALCIUM SACCHARATE,5793895,O.O.O.O.O=C([O-])[C@@H](O)[C@@H](O)[C@H](O)[C@@H](O)C(=O)[O-].[Ca+2],320.2600000000001,-9.749799999999997,287.17999999999995,4,8,64.22049407958984,1.2519707054046267,52.46230189005534,11.758192189534498,116.68279596964518,23.35719871520996,0.6413743936351419,42.173542175292965,-18.816343460083004,65.53074089050293,54.74624176025391,1.0051843328031351,48.053759123547245,6.692482636706664,102.80000088380115,False,0.4501064098413311
CALCIUM SILICATE,1344952,[Ca+2].[O-][Si](O)(O)O.[O-][Si](O)(O)O,230.29000000000002,-6.862399999999997,167.5,6,8,69.37588958740234,0.7917656072356585,52.46230189005534,16.913587697346998,121.83819147745768,21.740562438964844,0.4095179280036901,42.173542175292965,-20.43297973632812,63.91410461425781,51.504792022705075,1.973385876248378,48.053759123547245,3.4510328991578305,99.55855114625231,False,0.3807332758041506
CALCIUM SULFATE,nan,O=S(=O)([O-])[O-].[Ca+2],136.141,-1.7187999999999997,80.26,0,4,64.64342422485352,1.35895332624491,52.46230189005534,12.181122334798175,117.10572611490886,21.306000900268554,0.9569884749138798,42.173542175292965,-20.86754127502441,63.47954307556152,44.44133377075195,1.305576542267397,48.053759123547245,-3.6124253527952916,92.4950928942992,False,0.44183306388338006
CALCIUM SULFATE DIHYDRATE,13397245,O.O.O=S(=O)([O-])[O-].[Ca+2],172.171,-3.3682,143.26,0,4,66.63236389160156,1.107210823008362,52.46230189005534,14.170062001546214,119.0946657816569,20.720212554931642,1.0397201961421307,42.173542175292965,-21.453329620361323,62.89375473022461,47.28330535888672,1.3260216411326406,48.053759123547245,-0.7704537646605232,95.33706448243396,False,0.3914419229829058
CALDIAMIDE SODIUM,122760912,CNC(=O)CN(CCN(CCN(CC(=O)[O-])CC(=O)NC)CC(=O)[O-])CC(=O)[O-].O.[Ca+2].[Na+],497.49400000000026,-11.567400000000015,219.81,2,11,69.04740753173829,0.9643472392588175,52.46230189005534,16.585105641682944,121.50970942179363,22.915616607666017,0.32719937177427316,42.173542175292965,-19.25792556762695,65.08915878295898,44.62379531860351,0.7994124461101051,48.053759123547245,-3.429963804943732,92.67755444215075,False,0.490053068400648
CAPTAN,14599598,O=C1C2CC=CCC2C(=O)N1SC(Cl)(Cl)Cl,300.59399999999994,2.9135000000000018,37.38,0,3,65.90151519775391,1.216155497991739,52.46230189005534,13.439213307698566,118.36381708780925,23.02811622619629,0.6923819686282323,42.173542175292965,-19.145425949096676,65.20165840148925,45.099301147460935,1.3879758105204754,48.053759123547245,-2.95445797608631,93.15306027100817,False,0.476429630748995
CARAMEL,8028895,CC1CC(C)C(=O)C1=O,126.15499999999999,0.8005,34.14,0,2,67.32375946044922,1.2962903525964071,52.46230189005534,14.861457570393881,119.78606135050457,23.74302101135254,0.6482853810619287,42.173542175292965,-18.430521163940426,65.9165631866455,49.406489562988284,1.302388175536998,48.053759123547245,1.3527304394410393,97.46024868653552,False,0.4482252449239421
CARBON DIOXIDE,124389,O=C=O,44.009,-0.5835,34.14,0,2,53.91773376464844,0.9684456764475168,52.46230189005534,1.4554318745930956,106.38003565470379,18.634318542480468,1.0632834414915917,42.173542175292965,-23.539223632812497,60.80786071777344,53.051220703125,0.9462972806420153,48.053759123547245,4.997461579577752,101.10497982667223,True,0.4679233449779382
CARBOXYMETHYLCELLULOSE SODIUM,9004324,CC(=O)O.O=CC(O)C(O)C(O)C(O)CO.[Na],263.198,-3.6687,155.51999999999998,6,7,66.82727813720703,0.6875880988424838,52.46230189005534,14.364976247151688,119.28958002726237,24.128911590576173,0.4512473821276813,42.173542175292965,-18.044630584716792,66.30245376586913,62.173240661621094,1.1358282206428465,48.053759123547245,14.119481538073849,110.22699978516835,False,0.41295038813876606
CARMINE,1390654,Cc1c(C(=O)O)c(O)cc2c1C(=O)c1c(O)c([C@H]3O[C@H](CO)[C@@H](O)[C@H](O)[C@H]3O)c(O)c(O)c1C2=O,492.3890000000002,-1.1940800000000005,242.50999999999996,9,12,63.79589309692383,1.4278785806083034,52.46230189005534,11.333591206868483,116.25819498697916,24.721109771728514,0.48046277738424076,42.173542175292965,-17.45243240356445,66.89465194702149,52.967245483398436,1.1546910830285557,48.053759123547245,4.913486359851191,101.02100460694568,False,0.4936149173003729
CETETH-2,5274613,CCCCCCCCCCCCCCCCOCCOCCO,330.55300000000005,5.493200000000006,38.69,1,3,79.54090576171875,2.2744040774363308,52.46230189005534,27.078603871663404,132.0032076517741,20.921849060058594,0.8138554355761147,42.173542175292965,-21.25169311523437,63.095391235351556,41.92558288574219,1.60188197435141,48.053759123547245,-6.128176237805057,89.97934200928944,False,0.2503618526317156
CETYL ALCOHOL,124298,CCCCCCCCCCCCCCCCO,242.44699999999992,5.460000000000006,20.23,1,1,77.83982696533204,2.1308762833523653,52.46230189005534,25.377525075276694,130.30212885538737,20.111826705932618,0.6898364529720397,42.173542175292965,-22.061715469360347,62.28536888122558,39.238426971435544,1.6775782997024455,48.053759123547245,-8.8153321521117,87.29218609498278,False,0.2810872269089594
CETYL PALMITATE,540103,CCCCCCCCCCCCCCCCOC(=O)CCCCCCCCCCCCCCC,480.86200000000053,11.492199999999986,26.3,0,2,74.50185852050781,1.9191567249453088,52.46230189005534,22.039556630452466,126.96416041056315,21.604978561401367,0.8588129238113789,42.173542175292965,-20.568563613891598,63.77852073669433,38.22106781005859,1.3151408746636806,48.053759123547245,-9.832691313488652,86.27482693360584,False,0.36492450469863535
CHLOROBUTANOL,57158,CC(C)(O)C(Cl)(Cl)Cl,177.458,2.127500000000001,20.23,1,1,70.59419250488281,0.6940926985042108,52.46230189005534,18.13189061482747,123.05649439493816,25.5916446685791,0.6375612283152581,42.173542175292965,-16.581897506713865,67.76518684387207,45.56374740600586,2.1165363215000896,48.053759123547245,-2.4900117175413854,93.61750652955311,True,0.472085631567995
CHLOROBUTANOL HEMIHYDRATE,6001645,CC(C)(O)C(Cl)(Cl)Cl.CC(C)(O)C(Cl)(Cl)Cl.O,372.931,3.430300000000002,71.96000000000001,2,2,69.95361328125,0.8607816721815754,52.46230189005534,17.491311391194657,122.41591517130534,24.7833610534668,0.5784360405144716,42.173542175292965,-17.390181121826167,66.95690322875976,46.343353271484375,2.3426528183972484,48.053759123547245,-1.7104058520628698,94.39711239503163,False,0.44811187627416216
CHLOROCRESOL,59507,Cc1cc(O)ccc1Cl,142.58499999999998,2.3540200000000002,20.23,1,1,67.69174041748047,1.3551278437069714,52.46230189005534,15.229438527425131,120.15404230753582,24.91937828063965,0.5636579977337617,42.173542175292965,-17.254163894653317,67.09292045593261,43.584320068359375,0.8786961143079188,48.053759123547245,-4.46943905518787,91.63807919190663,False,0.5236257006447462
CHLOROXYLENOL,88040,Cc1cc(O)cc(C)c1Cl,156.61199999999997,2.662440000000001,20.23,1,1,67.45699157714844,1.2281234909986702,52.46230189005534,14.9946896870931,119.91929346720379,25.045835876464842,0.27010557147130915,42.173542175292965,-17.127706298828123,67.21937805175781,43.61749420166016,1.0102418896591696,48.053759123547245,-4.436264921887087,91.6712533252074,False,0.5461736913228665
CHOLESTEROL,57885,CC(C)CCC[C@@H](C)[C@H]1CC[C@H]2[C@@H]3CC=C4C[C@@H](O)CC[C@]4(C)[C@H]3CC[C@]12C,386.6640000000002,7.388700000000009,20.23,1,1,68.20322113037109,1.3673314067734,52.46230189005534,15.740919240315748,120.66552302042643,23.997619247436525,0.1877431780013183,42.173542175292965,-18.17592292785644,66.17116142272948,50.819871520996095,1.531988659292419,48.053759123547245,2.7661123974488504,98.87363064454334,False,0.45128570028386966
CHOLETH,27321966,CC(C)CCCC(C)C1CCC2C3CC=C4CC(OCCO)CCC4(C)C3CCC12C,430.7170000000003,7.40530000000001,29.46,1,2,68.3737289428711,1.3489993715842423,52.46230189005534,15.911427052815753,120.83603083292644,23.83840675354004,0.16693256322920028,42.173542175292965,-18.335135421752927,66.01194892883301,50.94375915527344,1.5219992103626019,48.053759123547245,2.8900000317261956,98.99751827882068,False,0.4474166220990247
CITRIC ACID MONOHYDRATE,5949291,O.O=C(O)CC(O)(CC(=O)O)C(=O)O,210.138,-2.0732,163.63,4,4,64.13490524291993,0.4431697798199797,52.46230189005534,11.672603352864584,116.59720713297527,19.60425910949707,0.5070192522234156,42.173542175292965,-22.569283065795894,61.77780128479004,51.92880706787109,1.6235028102194509,48.053759123547245,3.875047944323846,99.98256619141833,False,0.4103197820462565
CORN GLYCERIDES,85536089,CCCCC/C=C\C/C=C\CCCCCCCC(=O)OC[C@@H](O)CO,354.531,4.696300000000005,66.76,2,4,71.43135986328124,1.3897485893926864,52.46230189005534,18.9690579732259,123.89366175333659,22.018681716918945,0.6361931865357844,42.173542175292965,-20.15486045837402,64.19222389221191,38.18789291381836,0.9000082585963297,48.053759123547245,-9.865866209728885,86.24165203736561,False,0.4524817574910533
CREATININE,60275,CN1CC(=O)N=C1N,113.12,-1.2268999999999994,58.69,1,3,64.8289779663086,1.063897582434164,52.46230189005534,12.366676076253256,117.29127985636394,24.535443115234376,0.703447667102602,42.173542175292965,-17.63809906005859,66.70898529052734,54.19643936157227,0.7238643285887193,48.053759123547245,6.142680238025022,102.25019848511951,False,0.4827434204765274
CUPRIC SULFATE,23254435,O.O=S(=O)([O-])[O-].[Cu+2],177.624,-2.1652,111.76,0,4,65.35789031982422,1.1300084014768563,52.46230189005534,12.895588429768878,117.82019220987956,21.556308364868165,1.0357756070015005,42.173542175292965,-20.6172338104248,63.72985054016113,47.88045120239258,1.5406329144885016,48.053759123547245,-0.17330792115466664,95.93421032593983,False,0.4117624418517294
CYCLOMETHICONE 5,541026,C[Si]1(C)O[Si](C)(C)O[Si](C)(C)O[Si](C)(C)O[Si](C)(C)O1,370.7750000000001,3.5920000000000023,46.150000000000006,0,5,73.72621154785156,1.8949227881967554,52.46230189005534,21.26390965779622,126.1885134379069,22.54623908996582,0.7886246423403738,42.173542175292965,-19.627303085327146,64.71978126525879,47.29436340332031,1.9377515775485685,48.053759123547245,-0.7593957202269337,95.34812252686756,False,0.31722763831727985
CYSTEINE,52904,N[C@@H](CS)C(=O)O,121.16099999999997,-0.6719000000000002,63.32000000000001,3,3,60.65250854492187,0.7864752320170033,52.46230189005534,8.190206654866529,113.11481043497722,26.527689743041993,0.7109739988654827,42.173542175292965,-15.645852432250972,68.70123191833495,59.3976188659668,1.8483003469527315,48.053759123547245,11.343859742419554,107.45137798951404,False,0.5101591885381987
CYSTEINE HYDROCHLORIDE,7048046,Cl.N[C@@H](CS)C(=O)O.O,175.637,-1.0748000000000002,94.82000000000001,3,3,62.92328872680664,0.9403838278574148,52.46230189005534,10.460986836751296,115.38559061686198,24.926657104492186,0.6867272769299466,42.173542175292965,-17.24688507080078,67.10019927978516,54.859589385986325,1.2337543107405777,48.053759123547245,6.8058302624390805,102.91334850953356,False,0.4974018846845338
CYSTEINE HYDROCHLORIDE ANHYDROUS,52891,Cl.N[C@@H](CS)C(=O)O,157.622,-0.25010000000000004,63.32000000000001,3,3,61.021610260009766,0.8409481314181474,52.46230189005534,8.559308369954422,113.48391215006511,25.03062629699707,0.6285803963994441,42.173542175292965,-17.142915878295895,67.20416847229004,57.53706817626953,1.5105136343627406,48.053759123547245,9.483309052722284,105.59082729981677,False,0.5011722896423718
D&C RED NO. 30,52641313,Cc1cc(Cl)cc2c1C(=O)/C(=C1\Sc3cc(Cl)cc(C)c3C1=O)S2,393.31600000000014,6.098840000000004,34.14,0,4,67.0900634765625,1.3342573767993113,52.46230189005534,14.627761586507162,119.55236536661785,24.05568733215332,0.541360077626898,42.173542175292965,-18.117854843139646,66.22922950744629,48.23431549072266,0.6370255394396438,48.053759123547245,0.1805563671754129,96.2880746142699,False,0.49055825593865215
D&C RED NO. 33,3567666,Nc1cc(S(=O)(=O)[O-])cc2cc(S(=O)(=O)[O-])c(N=Nc3ccccc3)c(O)c12.[Na+].[Na+],467.39200000000017,-3.6407999999999983,185.36999999999998,2,10,64.9486701965332,1.416177911844201,52.46230189005534,12.486368306477857,117.41097208658854,23.727811431884767,0.48745023354694655,42.173542175292965,-18.4457307434082,65.90135360717773,41.16256332397461,0.777231381124956,48.053759123547245,-6.891195799572635,89.21632244752186,True,0.5519590605232952
D&C RED NO. 36,2814779,O=[N+]([O-])c1ccc(N=Nc2c(O)ccc3ccccc23)c(Cl)c1,327.7270000000001,5.522400000000004,88.09,1,5,65.31442794799804,1.742932289182252,52.46230189005534,12.852126057942698,117.77672983805338,23.532476043701173,0.43284698014219486,42.173542175292965,-18.641066131591792,65.70601821899413,40.31107788085937,0.7642201907917043,48.053759123547245,-7.742681242687873,88.36483700440661,False,0.5417717155147405
D&C RED NO. 7,5281049,Cc1ccc(N=Nc2c([O-])c(C(=O)O)cc3ccccc23)c(S(=O)(=O)[O-])c1.[Ca+2],424.4470000000001,2.858720000000001,142.28,1,7,64.87298355102538,1.1750518919151671,52.46230189005534,12.410681660970042,117.33528544108073,22.899537658691408,0.47755766725725507,42.173542175292965,-19.274004516601558,65.07307983398437,38.961970520019534,0.6784397690229265,48.053759123547245,-9.09178860352771,87.01572964356677,False,0.5627901342303038
D&C YELLOW NO. 10 ALUMINUM LAKE,68814040,COc1cc(CS(C)(=O)=O)ccc1Nc1nc(Nc2cccc(F)c2C(N)=O)c2cc[nH]c2n1,484.5130000000002,3.2363,152.08999999999997,4,8,67.16257171630859,1.5677275440363725,52.46230189005534,14.700269826253248,119.62487360636393,24.966745376586914,0.33954783856347887,42.173542175292965,-17.20679679870605,67.14028755187988,45.010834503173825,0.9606045182397627,48.053759123547245,-3.0429246203734195,93.06459362672106,False,0.5240102302644112
DEHYDROACETIC ACID,771039,CC(=O)c1c(O)cc(C)oc1=O,168.14799999999997,0.85642,67.50999999999999,1,4,65.44816131591797,1.736766284100625,52.46230189005534,12.985859425862628,117.91046320597331,24.72241325378418,0.5889122867847202,42.173542175292965,-17.451128921508786,66.89595542907715,45.04400863647461,1.3804660598912546,48.053759123547245,-3.009750487072637,93.09776776002185,False,0.5047568946240217
DENATONIUM BENZOATE,86398530,CC[N+](CC)(CC(=O)Nc1c(C)cccc1C)Cc1ccccc1.O.O=C([O-])c1ccccc1,464.60600000000017,3.5241400000000036,100.73,1,3,68.97051086425782,1.330807076993571,52.46230189005534,16.508208974202475,121.43281275431316,23.136373138427736,0.7455150743679124,42.173542175292965,-19.03716903686523,65.3099153137207,36.1642333984375,1.553517170811672,48.053759123547245,-11.889525725109742,84.21799252198474,False,0.49253100703068364
DEXTROSE MONOHYDRATE,77029619,O.OC[C@H]1OC(O)[C@H](O)[C@@H](O)[C@@H]1O,198.17100000000002,-4.0461,141.88000000000002,5,6,64.04329910278321,1.6859524690324352,52.46230189005534,11.580997212727866,116.50560099283855,24.258302307128908,0.7879795786964764,42.173542175292965,-17.915239868164058,66.43184448242187,80.46358947753906,0.5664577907427923,48.053759123547245,32.409830353991815,128.5173486010863,False,0.2857362504375913
DIACETYLATED MONOGLYCERIDES,8029923,CCCCCCCCCCCCCCCCCCOCC(CO)OC(C)=O,386.6170000000001,6.188500000000007,55.76,1,4,75.41124267578125,1.2760523489009066,52.46230189005534,22.94894078572591,127.8735445658366,21.220827102661133,0.7598335791682727,42.173542175292965,-20.952715072631833,63.3943692779541,38.16577682495117,1.2561707706296503,48.053759123547245,-9.887982298596071,86.21953594849842,False,0.3772288104577022
DIAZOLIDINYL UREA,78491028,O=C1C(N(CO)C(=O)NCO)N(CO)C(=O)N1CO,278.221,-3.6124999999999985,153.88,5,7,62.166361236572264,0.6351952324509313,52.46230189005534,9.704059346516921,114.6286631266276,22.29158592224121,0.6051338132815743,42.173542175292965,-19.881956253051754,64.46512809753418,52.59817657470703,0.7864836428301936,48.053759123547245,4.544417451159788,100.65193569825428,False,0.49635827199029137
DIBASIC CALCIUM PHOSPHATE DIHYDRATE,7789777,O.O.O=P([O-])([O-])O.[Ca+2],172.086,-4.222799999999999,146.42,1,3,69.5938735961914,1.1374528347284887,52.46230189005534,17.131571706136057,122.05617548624674,21.159988784790038,0.962397232887929,42.173542175292965,-21.013553390502928,63.333530960083,49.7714111328125,1.1021706807904905,48.053759123547245,1.717652009265258,97.82517025635974,False,0.3605142636921428
DIBASIC POTASSIUM PHOSPHATE,7758114,O=P([O-])([O-])O.[K+].[K+],174.17399999999998,-8.1846,83.42,1,3,67.49869995117187,1.3004019250802044,52.46230189005534,15.036398061116529,119.96100184122722,20.861009979248045,0.8247346446874552,42.173542175292965,-21.31253219604492,63.03455215454101,46.99579010009766,0.5453979109524573,48.053759123547245,-1.057969023449587,95.0495492236449,False,0.4162571197614531
DIBUTYL SEBACATE,109433,CCCCOC(=O)CCCCCCCCC(=O)OCCCC,314.46600000000007,4.7938000000000045,52.60000000000001,0,4,75.10098266601562,1.5575216050776703,52.46230189005534,22.63868077596028,127.56328455607097,21.41724853515625,0.7371797611577545,42.173542175292965,-20.756293640136715,63.59079071044921,39.32689208984375,0.9636555045002302,48.053759123547245,-8.726867033703492,87.38065121339099,False,0.37733150546863325
DICHLOROBENZYL ALCOHOL,1777828,OCc1ccc(Cl)cc1Cl,177.03,2.4857000000000005,20.23,1,1,63.16935729980469,2.0740547227892736,52.46230189005534,10.707055409749344,115.63165918986003,20.716735458374025,0.9510599344665726,42.173542175292965,-21.45680671691894,62.89027763366699,37.55757293701172,1.1901891896573586,48.053759123547245,-10.496186186535525,85.61133206055896,False,0.47198000180375116
DIETHANOLAMINE,111422,OCCNCCO,105.137,-1.4393999999999998,52.489999999999995,3,3,61.4870002746582,0.5802455486962462,52.46230189005534,9.024698384602857,113.94930216471354,13.124080657958984,0.7109742143068098,42.173542175292965,-29.04946151733398,55.29762283325195,62.06265869140625,0.6967569673874611,48.053759123547245,14.008899567859004,110.1164178149535,False,0.250117121707297
DIETHYL PHTHALATE,84662,CCOC(=O)c1ccccc1C(=O)OCC,222.23999999999995,2.04,52.60000000000001,0,4,70.5701187133789,1.5030173702499596,52.46230189005534,18.10781682332356,123.03242060343425,23.59222755432129,0.8973574505276556,42.173542175292965,-18.581314620971675,65.76576972961425,40.454833984375,1.2296052326598101,48.053759123547245,-7.598925139172245,88.50859310792225,False,0.449783946268446
DIETHYL SEBACATE,110407,CCOC(=O)CCCCCCCCC(=O)OCC,258.3579999999999,3.2334000000000023,52.60000000000001,0,4,73.67806854248047,1.502250147937543,52.46230189005534,21.21576665242513,126.14037043253582,22.327002716064452,0.8896607306159212,42.173542175292965,-19.846539459228513,64.50054489135742,40.7755241394043,1.3121626782380023,48.053759123547245,-7.278234984142948,88.82928326295155,False,0.38455027410027265
DIETHYLENE GLYCOL MONOETHYL ETHER,111900,CCOCCOCCO,134.175,0.031799999999999884,38.69,1,3,74.90305786132812,1.6039342833102948,52.46230189005534,22.44075597127278,127.36535975138347,20.00057907104492,0.6765681554834572,42.173542175292965,-22.172963104248044,62.17412124633789,60.514503479003906,1.115185731204417,48.053759123547245,12.460744355456661,108.56826260255116,False,0.20391031500451381
DIHYDROXYALUMINUM AMINOACETATE,41354487,NCC(=O)[O-].O.[Al+3].[OH-].[OH-],153.07000000000002,-3.8640999999999996,157.65,1,5,68.96800384521484,0.796122679471952,52.46230189005534,16.505701955159495,121.43030573527018,21.048740768432616,0.8023922911116999,42.173542175292965,-21.12480140686035,63.22228294372558,47.64822692871094,1.821055283465188,48.053759123547245,-0.4055321948363044,95.70198605225818,False,0.37891319081290586
DIHYDROXYALUMINUM SODIUM CARBONATE,539684,O=C([O-])[O-].[Al+3].[Na+].[OH-].[OH-],143.994,-6.1774000000000004,123.19,0,5,68.4939208984375,1.277863396240344,52.46230189005534,16.03161900838215,120.95622278849284,21.48677864074707,0.9543833129348983,42.173542175292965,-20.686763534545896,63.660320816040034,42.94294128417969,1.7818547930045705,48.053759123547245,-5.110817839367556,90.99670040772693,False,0.40068673180746694
DIISOPROPANOLAMINE,110974,CC(O)CNCC(C)O,133.191,-0.6623999999999999,52.489999999999995,3,3,65.8085708618164,0.899272238886097,52.46230189005534,13.346268971761063,118.27087275187175,25.592948532104494,0.5691198312999886,42.173542175292965,-16.58059364318847,67.76649070739745,60.663788604736325,0.9218233918765832,48.053759123547245,12.61002948118908,108.71754772828356,False,0.4570158314362612
DIISOPROPYL ADIPATE,6938949,CC(C)OC(=O)CCCCC(=O)OC(C)C,230.30399999999997,2.45,52.60000000000001,0,4,71.77906341552735,1.2336627906892645,52.46230189005534,19.316761525472003,124.24136530558269,24.540359497070312,0.7952424152417455,42.173542175292965,-17.633182678222653,66.71390167236328,44.51321182250977,1.4463083209375729,48.053759123547245,-3.5405473010374777,92.56697094605701,False,0.4367872009657049
DIISOPROPYLBENZOTHIAZYL-2-SULFENAMIDE,95294,CC(C)N(Sc1nc2ccccc2s1)C(C)C,266.43500000000006,4.422200000000004,16.130000000000003,0,4,69.39661560058593,1.5018289474897928,52.46230189005534,16.93431371053059,121.85891749064128,24.50491600036621,0.7417378746554238,42.173542175292965,-17.668626174926754,66.67845817565917,43.81654357910156,1.0225146841289123,48.053759123547245,-4.237215544445682,91.87030270264881,False,0.4743948361844825
DIMETHICONE 350,9006659,C[Si](C)(C)O[Si](C)(C)O[Si](C)(C)C,236.53599999999997,3.391200000000002,18.46,0,2,74.13275756835938,1.9690682752834567,52.46230189005534,21.670455678304037,126.59505945841472,23.54877166748047,0.9454359209355471,42.173542175292965,-18.624770507812496,65.72231384277343,46.564518737792966,2.716348454486838,48.053759123547245,-1.4892403857542789,94.6182778613402,False,0.3025471738502552
DIMETHOXANE,828002,CC(=O)OC1CC(C)OC(C)O1,174.196,1.0470000000000002,44.760000000000005,0,4,70.32271728515624,1.4996571557751746,52.46230189005534,17.8604153951009,122.78501917521159,25.37979621887207,0.9617365811320542,42.173542175292965,-16.793745956420896,67.55333839416504,60.43709487915039,1.0621678590774042,48.053759123547245,12.383335755603149,108.49085400269763,False,0.35509564834046703
DIMETHYL ISOSORBIDE,5306854,CO[C@H]1CO[C@H]2[C@@H]1OC[C@H]2OC,174.19599999999997,-0.18600000000000017,36.92,0,4,69.86618499755859,2.1119802818693985,52.46230189005534,17.403883107503248,122.32848688761393,23.86176452636719,0.8481469553578307,42.173542175292965,-18.311777648925776,66.03530670166015,70.1241241455078,2.16989847771381,48.053759123547245,22.070365021960562,118.17788326905506,False,0.21456275884777756
DINOSEB-AMMONIUM,6365839,CCC(C)c1cc([N+](=O)[O-])cc([N+](=O)[O-])c1[O-].[NH4+],257.246,2.4662999999999995,145.84,1,5,67.23967590332032,1.2873509632677067,52.46230189005534,14.777374013264975,119.70197779337566,23.990829467773438,0.7611562518084649,42.173542175292965,-18.182712707519528,66.1643716430664,39.3268928527832,1.0831439151100006,48.053759123547245,-8.726866270764042,87.38065197633045,False,0.5231425069653913
DIPROPYLENE GLYCOL,25265718,CC(CO)OC(C)CO.CC(O)COCC(C)O,268.34999999999997,-0.47080000000000005,99.38000000000001,4,6,72.03315582275391,1.09230810545873,52.46230189005534,19.57085393269857,124.49545771280926,24.43701515197754,0.7044977291132616,42.173542175292965,-17.736527023315425,66.6105573272705,53.120679473876955,0.6754524056946521,48.053759123547245,5.06692035032971,101.1744385974242,False,0.40724986525100676
DISODIUM HYDROGEN CITRATE,144332,O=C([O-])CC(O)(CC(=O)[O-])C(=O)O.[Na+].[Na+],236.087,-9.909900000000002,137.79,2,6,64.85438842773438,1.0027724948526453,52.46230189005534,12.392086537679035,117.31669031778972,21.811830902099608,0.49520118199096297,42.173542175292965,-20.361711273193357,63.98537307739257,45.70197448730469,1.4528449576578566,48.053759123547245,-2.351784636242556,93.75573361085193,False,0.4761537139170651
DISODIUM LAURYL SULFOSUCCINATE,26838051,CCCCCCCCCCCCOC(=O)C(CCC(=O)[O-])S(=O)(=O)[O-].[Na+].[Na+],424.4670000000001,-4.097599999999995,123.63,0,7,70.54872283935546,1.502891214199281,52.46230189005534,18.08642094930012,123.0110247294108,22.531898498535156,0.6861112727512082,42.173542175292965,-19.64164367675781,64.70544067382812,37.66815414428711,0.9731268275871353,48.053759123547245,-10.385604979260137,85.72191326783435,False,0.46738167101754896
DL-LACTIDE AND GLYCOLIDE (50:50) COPOLYMER 12000 ACID,26780507,CC1OC(=O)C(C)OC1=O.O=C1COC(=O)CO1,260.1979999999999,-1.0501999999999994,105.2,0,8,69.66541900634766,1.3108166240028,52.46230189005534,17.20311711629232,122.127720896403,23.155493927001952,0.7764310577776533,42.173542175292965,-19.018048248291013,65.32903610229492,51.67584915161133,1.0338993846222737,48.053759123547245,3.622090028064086,99.72960827515857,False,0.394616929009324
DMDM HYDANTOIN,6440580,CC1(C)C(=O)N(CO)C(=O)N1CO,188.183,-1.0712000000000002,81.08000000000001,2,4,66.6417251586914,0.7439775933247319,52.46230189005534,14.179423268636057,119.10402704874674,23.974641799926758,0.7217509382202417,42.173542175292965,-18.198900375366208,66.14818397521972,53.42685470581055,1.0608602410392012,48.053759123547245,5.3730955822633035,101.4806138293578,False,0.4558012894967732
DOCOSANOL,30303652,CCCCCCCCCCCCCCCCCCCCCCO,326.60900000000004,7.800600000000008,20.23,1,1,77.18721160888671,2.306884369280383,52.46230189005534,24.72490971883137,129.64951349894204,20.431664276123048,0.5301614059002414,42.173542175292965,-21.741877899169918,62.60520645141601,38.58599014282227,1.7815791861541181,48.053759123547245,-9.467768980724976,86.6397492663695,False,0.2994108817786898
DOCUSATE SODIUM,577117,CCCCC(CC)COC(=O)CC(C(=O)OCC(CC)CCCC)S(=O)(=O)[O-].[Na+],444.56600000000026,0.8135000000000032,109.80000000000001,0,7,70.37219696044922,1.3192996448453012,52.46230189005534,17.909895070393873,122.83449885050456,22.496916580200196,0.8009954041455895,42.173542175292965,-19.67662559509277,64.67045875549316,38.85138854980469,1.1387306834331659,48.053759123547245,-9.202370573742556,86.90514767335193,False,0.4552542214713843
EDETATE CALCIUM DISODIUM,23411349,O.O.O=C([O-])CN(CCN(CC(=O)[O-])CC(=O)[O-])CC(=O)[O-].[Ca+2].[Na+].[Na+],410.30000000000007,-15.4322,229.99999999999997,0,10,67.77510833740234,0.9915585582943646,52.46230189005534,15.312806447347,120.23741022745769,22.60273208618164,0.5138863562077749,42.173542175292965,-19.570810089111326,64.77627426147461,43.83865966796875,0.9216236119383256,48.053759123547245,-4.215099455578496,91.892418791516,False,0.487710796897663
EDETATE CALCIUM DISODIUM ANHYDROUS,62339,O=C([O-])CN(CCN(CC(=O)[O-])CC(=O)[O-])CC(=O)[O-].[Ca+2].[Na+].[Na+],374.27,-13.782800000000009,167.0,0,10,66.23116607666016,1.1116627706560003,52.46230189005534,13.768864186604816,118.6934679667155,23.03971061706543,0.6105877716702516,42.173542175292965,-19.133831558227534,65.21325279235839,42.213096618652344,0.9983094601870043,48.053759123547245,-5.840662504894901,90.2668557421996,False,0.5129255729011633
EDETATE DISODIUM,6381926,O.O.O=C([O-])CN(CCN(CC(=O)O)CC(=O)O)CC(=O)[O-].[Na+].[Na+],372.2380000000001,-12.382000000000005,224.33999999999995,2,8,68.61294403076172,0.8224194335730267,52.46230189005534,16.15064214070638,121.07524592081707,19.684217834472655,0.4454248737569961,42.173542175292965,-22.48932434082031,61.85776000976562,47.20036697387695,1.7638350506056586,48.053759123547245,-0.8533921496702916,95.2541260974242,False,0.3796167657589431
EDETATE DISODIUM ANHYDROUS,139333,O=C([O-])CN(CCN(CC(=O)[O-])CC(=O)O)CC(=O)O.[Na+].[Na+],336.208,-10.732600000000007,161.34,2,8,68.68382263183594,0.755741692115767,52.46230189005534,16.221520741780594,121.14612452189128,19.402622604370116,0.33083331073628186,42.173542175292965,-22.77091957092285,61.57616477966308,45.24305725097656,1.6325059646680367,48.053759123547245,-2.8107018725706823,93.29681637452381,False,0.3993727668170364
EDETATE SODIUM,7379284,O=C([O-])CN(CCN(CC(=O)O)CC(=O)O)CC(=O)O.[Na+],314.226,-6.401900000000001,158.51,3,7,68.07667541503906,0.6403568237133698,52.46230189005534,15.61437352498372,120.5389773050944,17.852108001708984,0.397355630382955,42.173542175292965,-24.32143417358398,60.02565017700195,46.27700424194336,1.7106364135123018,48.053759123547245,-1.7767548816038854,94.33076336549061,False,0.36513130504729313
EDETATE TRISODIUM,150389,O=C([O-])CN(CCN(CC(=O)[O-])CC(=O)O)CC(=O)[O-].[Na+].[Na+].[Na+],358.19000000000005,-15.063299999999996,164.17000000000002,1,9,67.86170043945313,0.7567107689688368,52.46230189005534,15.399398549397787,120.32400232950847,21.060908126831055,0.3641860216273673,42.173542175292965,-21.11263404846191,63.23445030212402,44.72884826660156,1.435444117430435,48.053759123547245,-3.324910856945685,92.7826073901488,False,0.4502291387472663
EDETIC ACID,60004,O=C(O)CN(CCN(CC(=O)O)CC(=O)O)CC(=O)O,292.244,-2.0711999999999957,155.68,4,6,67.31623840332031,0.7092133198191891,52.46230189005534,14.85393651326497,119.77854029337566,17.1359504699707,0.4543442081371604,42.173542175292965,-25.037591705322264,59.30949264526367,48.36148529052734,1.8136752512440635,48.053759123547245,0.30772616698009614,96.41524441407458,False,0.33596099035312427
ENTSUFON,55837166,CC(C)(C)CC(C)(C)c1ccc(OCCOCCOCCS(=O)(=O)O)cc1,402.5530000000001,3.7002000000000024,82.06,1,5,72.73658752441406,1.2915443582094803,52.46230189005534,20.27428563435872,125.1988894144694,20.216121673583984,0.4422668627014833,42.173542175292965,-21.95742050170898,62.38966384887695,39.86874771118164,0.9535772975369786,48.053759123547245,-8.185011412365604,87.92250683472889,False,0.40246834040951457
ENTSUFON SODIUM,2917944,CC(C)(C)CC(C)(C)c1ccc(OCCOCCOCCS(=O)(=O)[O-])cc1.[Na+],424.53500000000014,0.3616000000000028,84.89,0,6,71.31634826660157,1.5094245729042597,52.46230189005534,18.854046376546222,123.77865015665691,23.478372955322264,0.4436612808880712,42.173542175292965,-18.6951692199707,65.65191513061524,39.846630859375,1.017358688686661,48.053759123547245,-8.207128264172248,87.90038998292223,False,0.4759242007557079
ERYTHORBIC ACID,89656,O=C1O[C@H]([C@H](O)CO)C(O)=C1O,176.124,-1.4073999999999995,107.22000000000001,4,6,59.14400405883789,1.2261461820551693,52.46230189005534,6.68170216878255,111.60630594889324,23.011002349853516,0.5812607790465592,42.173542175292965,-19.16253982543945,65.18454452514648,64.8382781982422,1.2315922002648398,48.053759123547245,16.78451907469495,112.89203732178945,False,0.42917427324935814
ETHYL ACETATE,141786,CCOC(C)=O,88.106,0.5694,26.3,0,2,68.28329315185547,1.1521016218544144,52.46230189005534,15.820991261800131,120.74559504191082,24.55434646606445,0.9876175784956361,42.173542175292965,-17.619195709228514,66.72788864135742,53.96663589477539,1.2395032650285247,48.053759123547245,5.912876771228149,102.02039501832263,False,0.4102706463516652
ETHYL BUTYRATE,105544,CCCC(=O)OCC,116.15999999999998,1.3496000000000001,26.3,0,2,72.549365234375,1.4589380331735438,52.46230189005534,20.08706334431966,125.01166712443035,23.59612579345703,1.1816742944979544,42.173542175292965,-18.577416381835935,65.76966796875,45.95078582763672,1.7716846960930361,48.053759123547245,-2.102973295910523,94.00454495118396,False,0.3585623648551085
ETHYL MALTOL,4940118,CCc1occc(=O)c1O,140.13799999999998,0.9077999999999999,50.44,1,3,66.74536743164063,2.2230935654054624,52.46230189005534,14.283065541585287,119.20766932169597,24.83898468017578,0.5223972671427058,42.173542175292965,-17.334557495117185,67.01252685546875,47.00684814453125,1.1311901351542657,48.053759123547245,-1.0469109790159976,95.06060726807848,False,0.4737300157868044
ETHYL MYRISTATE,124061,CCCCCCCCCCCCCC(=O)OCC,256.4299999999999,5.250600000000005,26.3,0,2,75.60916595458984,1.5089966112624393,52.46230189005534,23.146864064534498,128.07146784464518,21.976963424682616,0.7383142762140933,42.173542175292965,-20.19657875061035,64.15050559997559,38.85138778686523,1.1673654505186473,48.053759123547245,-9.202371336682013,86.90514691041247,False,0.38169865833205774
ETHYL OLEATE,111626,CCCCCCCC/C=C\CCCCCCCC(=O)OCC,310.522,6.587000000000008,26.3,0,2,73.46409606933594,1.4139372933774605,52.46230189005534,21.001794179280594,125.92639795939128,21.425940322875977,0.6235821312063873,42.173542175292965,-20.747601852416988,63.59948249816894,35.633436584472655,0.9563958920689125,48.053759123547245,-12.42032253907459,83.6871957080199,False,0.4329062211309287
ETHYL VANILLATE,617050,CCOC(=O)c1ccc(O)c(OC)c1,196.20199999999997,1.5775,55.760000000000005,1,4,70.14351348876953,1.7332580131186572,52.46230189005534,17.681211598714185,122.60581537882487,24.118264389038085,0.4514808660564268,42.173542175292965,-18.05527778625488,66.29180656433105,42.378970336914065,1.2138909872200843,48.053759123547245,-5.674788786633179,90.4327294604613,False,0.4707753696397673
ETHYL VANILLIN,121324,CCOc1cc(C=O)ccc1O,166.176,1.6034,46.53,1,3,68.7749267578125,1.3669492667895438,52.46230189005534,16.31262486775715,121.23722864786784,23.55876693725586,0.5796015011443417,42.173542175292965,-18.614775238037105,65.73230911254882,45.25964584350586,0.842244393065815,48.053759123547245,-2.794113280041387,93.3134049670531,False,0.47189316422058747
ETHYLCELLULOSE,9004573,CCOCC1OC(OC)C(OCC)C(OCC)C1OC1OC(CO)C(OC)C(O)C1O,454.51300000000015,-0.9563999999999955,134.53000000000003,3,11,68.42772369384765,1.8576468926243987,52.46230189005534,15.96542180379231,120.890025583903,24.253413009643555,0.8389772541660208,42.173542175292965,-17.92012916564941,66.42695518493652,69.42745208740234,0.39932407141246384,48.053759123547245,21.3736929638551,117.4812112109496,False,0.3072885511057625
ETHYLENE GLYCOL,107211,OCCO,62.068000000000005,-1.0290000000000001,40.46,2,2,52.84787216186523,1.1809237665101546,52.46230189005534,0.3855702718098897,105.31017405192057,14.466006088256837,1.0582247875629291,42.173542175292965,-27.70753608703613,56.6395482635498,60.67484817504883,0.5146545075842615,48.053759123547245,12.621089051501585,108.72860729859607,False,0.34879108799977787
ETHYLENE GLYCOL MONOETHYL ETHER,110805,CCOCCO,90.122,0.015200000000000047,29.46,1,2,66.00114440917969,1.0103820038883349,52.46230189005534,13.538842519124344,118.46344629923503,23.129529190063476,0.7116105109658074,42.173542175292965,-19.04401298522949,65.30307136535644,63.12425003051758,1.052801954135287,48.053759123547245,15.070490906970335,111.17800915406482,False,0.3713688452447001
ETHYLENEDIAMINE,107153,NCCN,60.09999999999999,-1.0962,52.04,2,2,60.93602066040039,0.9612386756980632,52.46230189005534,8.473718770345045,113.39832255045573,27.582804870605468,0.49275512798555454,42.173542175292965,-14.590737304687497,69.75634704589844,68.44326934814453,1.0922504912628044,48.053759123547245,20.38951022459728,116.49702847169178,False,0.4970239701583414
ETHYLENEDIAMINE DIHYDROCHLORIDE,333186,Cl.Cl.NCCN,133.02200000000002,-0.25260000000000005,52.04,2,2,71.89942321777343,1.2037248940821612,52.46230189005534,19.43712132771809,124.36172510782878,20.10139694213867,0.6077991875266981,42.173542175292965,-22.072145233154295,62.274939117431636,56.48929901123047,0.9996250583898854,48.053759123547245,8.435539887683227,104.54305813477771,False,0.28871143296822044
ETHYLHEXYL HYDROXYSTEARATE,148718358,CCCCCCCCCCCCCCCCC(O)C(=O)OCCCCCCCC,412.6990000000003,8.12240000000001,46.53,1,3,74.68908386230468,1.7307619899065512,52.46230189005534,22.22678197224934,127.15138575236003,21.70753631591797,0.7123201854561165,42.173542175292965,-20.466005859374995,63.881078491210936,37.77873840332031,1.226619045520122,48.053759123547245,-10.275020720226934,85.83249752686756,False,0.3857702251266498
ETHYLPARABEN,120478,CCOC(=O)c1ccc(O)cc1,166.176,1.5689,46.53,1,3,68.60826416015625,1.637094078564799,52.46230189005534,16.14596227010091,121.0705660502116,23.898213577270507,0.6139520111470933,42.173542175292965,-18.27532859802246,66.07175575256348,37.845086669921876,1.3306714757101528,48.053759123547245,-10.208672453625368,85.89884579346912,False,0.504644857663407
EXT. D&C YELLOW NO. 7,846708,O=[N+]([O-])c1cc([N+](=O)[O-])c2ccc(S(=O)(=O)[O-])cc2c1[O-].[Na+].[Na+],358.1950000000001,-5.358099999999999,166.54,0,8,65.7330108642578,1.5375391305479962,52.46230189005534,13.270708974202464,118.19531275431315,23.728680419921876,0.5971955533796045,42.173542175292965,-18.44486175537109,65.90222259521484,40.70917434692383,0.7900269380906065,48.053759123547245,-7.344584776623414,88.76293347047107,False,0.5351756161239645
FATTY ACID ESTERS,nan,O=CO,46.025,-0.29919999999999997,37.3,1,1,50.3978889465332,1.5533264097928736,52.46230189005534,-2.064412943522143,102.86019083658854,21.100888061523438,1.121328738059294,42.173542175292965,-21.072654113769527,63.2744302368164,60.663787841796875,1.0580149216355417,48.053759123547245,12.61002871824963,108.71754696534413,True,0.4792804639182414
FD&C BLUE NO. 2,860220,O=C1C(c2[nH]c3ccc(S(=O)(=O)[O-])cc3c2O)=Nc2ccc(S(=O)(=O)[O-])cc21.[Na+].[Na+],466.3600000000001,-4.993199999999998,179.85,2,9,64.15429763793945,1.2115611584228092,52.46230189005534,11.691995747884107,116.6165995279948,23.622158432006835,0.5862911723507435,42.173542175292965,-18.55138374328613,65.7957006072998,42.42320327758789,0.4888205188540717,48.053759123547245,-5.630555845959357,90.47696240113513,True,0.5604197697094119
FD&C RED NO. 40,25956176,COc1cc(S(=O)(=O)[O-])c(C)cc1N=Nc1c(O)ccc2cc(S(=O)(=O)[O-])ccc12.[Na+].[Na+],496.4300000000002,-2.905979999999998,168.58,1,10,66.29435424804687,1.5415666404431114,52.46230189005534,13.832052357991529,118.75665613810222,24.417581939697264,0.5187657053112483,42.173542175292965,-17.7559602355957,66.59112411499024,41.10727157592773,0.43816318653471564,48.053759123547245,-6.946487547619512,89.16103069947498,False,0.5555134393228768
FD&C RED NO. 40 ALUMINUM LAKE,68583959,COc1cc(S(=O)(=O)[O-])c(C)cc1N=Nc1c([O-])ccc2cc(S(=O)(=O)[O-])ccc12.[Al+3],476.4240000000002,2.07322,171.41,0,10,67.05194854736328,1.5623501360221521,52.46230189005534,14.589646657307938,119.51425043741862,23.987352752685545,0.3158455273655752,42.173542175292965,-18.18618942260742,66.16089492797852,40.39954376220703,0.42021369934341757,48.053759123547245,-7.6542153613402135,88.45330288575428,False,0.5546129992558376
FD&C YELLOW NO. 6,2783940,O=S(=O)([O-])c1ccc(N=Nc2c(O)ccc3cc(S(=O)(=O)[O-])ccc23)cc1.[Na+].[Na+],452.3770000000001,-3.222999999999998,159.35,1,9,65.31242218017579,1.4557454902744043,52.46230189005534,12.850120290120444,117.77472407023113,23.65132827758789,0.3761347137074557,42.173542175292965,-18.522213897705075,65.82487045288086,39.87980575561524,0.61311066289742,48.053759123547245,-8.173953367932008,87.93356487916247,False,0.5651446910058885
FD&C YELLOW NO. 6 ALUMINUM LAKE,131311701,O=S(=O)([O-])c1ccc(N=Nc2c([O-])ccc3cc(S(=O)(=O)[O-])ccc23)cc1.[Al+3],432.3710000000001,1.7562000000000002,162.18,0,9,65.37728347778321,1.4624037229383393,52.46230189005534,12.914981587727866,117.83958536783855,23.521394348144533,0.29983260080405294,42.173542175292965,-18.652147827148433,65.69493652343749,39.625465393066406,0.6489610580917413,48.053759123547245,-8.428293730480839,87.67922451661366,False,0.566593156536274
FERROSOFERRIC OXIDE,1309382,[O]=[Fe].[O]=[Fe][O][Fe]=[O],231.53099999999998,-0.4323,60.440000000000005,0,4,66.01919860839844,1.345070849374203,52.46230189005534,13.556896718343097,118.48150049845378,19.739841842651366,0.6055884441158698,42.173542175292965,-22.4337003326416,61.91338401794433,47.08425674438477,1.6145040250806293,48.053759123547245,-0.9695023791624777,95.13801586793201,False,0.3877512626555426
FRUCTOSE,6347019,OCC1(O)OC[C@@H](O)[C@@H](O)[C@@H]1O,180.156,-3.2197999999999998,110.38000000000001,5,6,61.10185012817383,1.7849694151090185,52.46230189005534,8.639548238118486,113.56415201822918,23.064236450195313,1.0586696023291744,42.173542175292965,-19.109305725097652,65.23777862548827,80.24242248535157,0.3174306938073355,48.053759123547245,32.18866336180432,128.29618160889882,False,0.28427384045905624
FUMARIC ACID,623158974,O=C(O)/C=C/C(=O)O,116.07199999999999,-0.28819999999999985,74.6,2,2,62.96875762939453,0.53680024159129,52.46230189005534,10.506455739339188,115.43105951944987,18.773377990722658,0.47874706072699846,42.173542175292965,-23.400164184570308,60.94692016601562,50.18333129882812,1.583194360272656,48.053759123547245,2.1295721752808774,98.23709042237536,False,0.41787657953035545
GALACTOSE,19217073,OC[C@H]1OC(O)[C@H](O)[C@@H](O)[C@H]1O,180.156,-3.2214000000000005,110.38000000000001,5,6,61.27035369873047,2.1179118263554377,52.46230189005534,8.808051808675124,113.7326555887858,23.59168472290039,0.9403140937746358,42.173542175292965,-18.581857452392576,65.76522689819336,78.78273315429688,0.6612786881089762,48.053759123547245,30.728974030749633,126.83649227784412,False,0.2878282253459048
GALACTOSE MONOHYDRATE,64490911,O.O=C[C@H](O)[C@@H](O)[C@@H](O)[C@H](O)CO,198.171,-4.203499999999998,149.72,5,6,60.82368698120117,1.418363429056404,52.46230189005534,8.361385091145827,113.2859888712565,23.57886505126953,0.3114365942761067,42.173542175292965,-18.594677124023434,65.7524072265625,71.35158996582031,1.2647102696407184,48.053759123547245,23.297830842273065,119.40534908936755,False,0.3856839260991558
GENTISIC ACID,490799,O=C(O)c1cc(O)ccc1O,154.12099999999998,0.7959999999999998,77.76,3,3,60.229913330078126,1.531117017094719,52.46230189005534,7.767611440022783,112.69221522013348,21.48851661682129,0.714129114321365,42.173542175292965,-20.685025558471676,63.66205879211425,47.73116455078125,0.4947246538311122,48.053759123547245,-0.32259457276599335,95.7849236743285,True,0.506022481544618
GLUCEPTATE SODIUM,13007857,O=C([O-])[C@H](O)[C@H](O)[C@@H](O)[C@H](O)[C@H](O)CO.[Na+],248.163,-8.4629,161.51,6,8,61.06975555419922,1.3263691597825256,52.46230189005534,8.607453664143875,113.53205744425456,24.311210250854494,0.2976283607816086,42.173542175292965,-17.86233192443847,66.48475242614745,61.775143432617185,0.6829309056506612,48.053759123547245,13.72138430906994,109.82890255616442,False,0.4848242590072694
GLUCONIC ACID,526954,O=C(O)[C@H](O)[C@@H](O)[C@H](O)[C@H](O)CO,196.155,-3.4931000000000005,138.45000000000002,6,6,58.50743637084961,1.6416696565871771,52.46230189005534,6.0451344807942675,110.96973826090496,23.96855812072754,0.28848623150926656,42.173542175292965,-18.204984054565426,66.1421002960205,68.87454071044922,0.9630203352470496,48.053759123547245,20.82078158690198,116.92829983399648,True,0.43939676741380856
GLUCONOLACTONE,90802,O=C1O[C@H](CO)[C@@H](O)[C@H](O)[C@H]1O,178.14000000000001,-3.0132000000000008,107.22000000000001,4,6,60.75414505004883,1.8834870987009364,52.46230189005534,8.291843159993483,113.21644694010416,23.960735702514647,0.7298383193257533,42.173542175292965,-18.21280647277832,66.13427787780762,75.00081329345703,1.0135048266789737,48.053759123547245,26.947054169909784,123.05457241700427,False,0.3365658477214586
GLUTAMIC ACID HYDROCHLORIDE,138158,Cl.N[C@@H](CCC(=O)O)C(=O)O,183.591,-0.3151,100.62000000000002,3,3,63.27099380493164,0.7408167160557481,52.46230189005534,10.808691914876299,115.73329569498699,22.328958129882814,0.5524504818110476,42.173542175292965,-19.84458404541015,64.50250030517577,52.66487197875976,1.8218583908468902,48.053759123547245,4.611112855212518,100.718631102307,False,0.4518390043693004
GLUTARAL,111308,O=CCCCC=O,100.11699999999999,0.5545,34.14,0,2,62.10217056274414,1.4195925613472526,52.46230189005534,9.639868672688799,114.56447245279949,19.83370704650879,0.7280239086180815,42.173542175292965,-22.339835128784177,62.00724922180176,47.15060653686523,0.9351577141848364,48.053759123547245,-0.9031525866820118,95.20436566041248,False,0.444473793168532
GLYCERIN,56815,OCC(O)CO,92.09400000000001,-1.6681000000000001,60.69,3,3,56.335618591308595,0.8796317501640144,52.46230189005534,3.873316701253252,108.79792048136395,16.329404449462892,0.4002645326832868,42.173542175292965,-25.844137725830073,58.50294662475586,64.5175895690918,1.407311200279297,48.053759123547245,16.463830445544552,112.57134869263905,False,0.34316601743054354
GLYCERYL 1-STEARATE,123944,CCCCCCCCCCCCCCCCCC(=O)OCC(O)CO,358.56300000000005,5.1443000000000065,66.76,2,4,73.76365661621094,1.2066916270262122,52.46230189005534,21.301354726155594,126.22595850626628,22.192506408691408,0.6833406231452621,42.173542175292965,-19.981035766601558,64.36604858398437,38.72974624633789,0.9010959432797387,48.053759123547245,-9.324012877209356,86.78350536988513,False,0.4296943861833497
GLYCERYL DIBEHENATE,99880645,CCCCCCCCCCCCCCCCCCCCCC(=O)O.OCC(O)CO,432.68600000000015,6.224800000000008,97.99000000000001,4,4,74.15950469970703,1.3875862522560698,52.46230189005534,21.697202809651685,126.62180658976237,21.797924423217772,0.792925916943042,42.173542175292965,-20.375617752075193,63.97146659851074,38.97302932739258,1.045340920688593,48.053759123547245,-9.080729796154664,87.02678845093982,False,0.3983404009724848
GLYCERYL ISOSTEARATE,66085005,CC(C)CCCCCCCCCCCCCCC(=O)OCC(O)CO,358.56300000000005,5.000200000000006,66.76,2,4,72.8061294555664,1.1888700806904655,52.46230189005534,20.343827565511063,125.26843134562175,23.221764755249023,0.4867611765120688,42.173542175292965,-18.951777420043943,65.39530693054199,41.42796020507812,1.0239477441504439,48.053759123547245,-6.625798918469123,89.48171932862536,False,0.45161675594081535
GLYCERYL LAURATE,27215389,CCCCCCCCCCCC(=O)OCC(O)CO,274.40099999999995,2.8037000000000014,66.76,2,4,72.52261810302734,0.8559567954644652,52.46230189005534,20.060316212971998,124.98491999308268,22.129060363769533,0.6466764022131594,42.173542175292965,-20.044481811523433,64.30260253906249,39.138902282714845,0.746412463847192,48.053759123547245,-8.9148568408324,87.19266140626209,False,0.458748339476555
GLYCERYL MONOCAPRYLATE,26402266,CCCCCCCC(=O)OCC(O)CO,218.29299999999998,1.2433,66.76,2,4,70.35614776611328,0.5340333788793783,52.46230189005534,17.893845876057938,122.81844965616862,22.821316528320313,0.6777363381699624,42.173542175292965,-19.352225646972652,64.99485870361327,41.450077819824216,0.587648894821512,48.053759123547245,-6.603681303723029,89.50383694337145,False,0.4959967544984103
GLYCERYL MONOCITRATE,36291324,O=C(O)CC(O)(CC(=O)OCC(O)CO)C(=O)O,266.20199999999994,-2.4366999999999996,161.59,5,7,63.02225112915039,0.7548497438397317,52.46230189005534,10.559949239095047,115.48455301920573,19.788512802124025,0.4106966273101306,42.173542175292965,-22.38502937316894,61.96205497741699,48.70981903076172,1.2752999104037879,48.053759123547245,0.6560599072144768,96.76357815430896,False,0.45390517036563033
GLYCERYL MONOOLEATE,25496724,CCCCCCCC/C=C\CCCCCCCC(=O)OCC(O)CO,356.547,4.920300000000006,66.76,2,4,71.92082061767579,1.3405740377113557,52.46230189005534,19.458518727620444,124.38312250773113,21.93003158569336,0.6992972802024011,42.173542175292965,-20.243510589599605,64.10357376098632,37.51333923339844,0.8594199519240402,48.053759123547245,-10.540419890148804,85.56709835694568,False,0.4490067253263458
GLYCERYL PALMITATE,26657965,CCCCCCCCCCCCCCCC(=O)OCC(O)CO,330.509,4.364100000000005,66.76,2,4,73.80645141601562,1.1929541924603446,52.46230189005534,21.344149525960276,126.26875330607096,21.9335075378418,0.6862878963002251,42.173542175292965,-20.240034637451167,64.10704971313476,38.210009002685545,0.9315223320899532,48.053759123547245,-9.8437501208617,86.26376812623279,False,0.4267999369316585
GLYCERYL RICINOLEATE,1323382,CCCCCC[C@@H](O)C/C=C\CCCCCCCC(=O)OCC(O)CO,372.54600000000005,3.891100000000003,86.99000000000001,3,5,70.92317504882813,0.9810672933919925,52.46230189005534,18.460873158772785,123.38547693888347,22.80002326965332,0.5488878017368112,42.173542175292965,-19.373518905639646,64.97356544494629,39.55911712646484,0.8825839864942068,48.053759123547245,-8.494641997082404,87.61287625001208,False,0.4848499240035941
GLYCINE,56406,NCC(=O)O,75.067,-0.9702999999999999,63.32000000000001,2,2,58.47534027099609,0.9059144662789771,52.46230189005534,6.013038380940749,110.93764216105143,22.103855514526366,0.516132302201312,42.173542175292965,-20.0696866607666,64.27739768981934,64.28536605834961,0.6882807664072533,48.053759123547245,16.231606934802365,112.33912518189686,True,0.4535098357073514
GLYCINE HYDROCHLORIDE,6000437,Cl.NCC(=O)O,111.52799999999999,-0.5485000000000002,63.32000000000001,2,2,63.72568588256836,1.327491051234843,52.46230189005534,11.263383992513013,116.1879877726237,21.491992950439453,0.4728027231555012,42.173542175292965,-20.681549224853512,63.66553512573242,58.53507614135742,0.7648605674931815,48.053759123547245,10.481317017810177,106.58883526490467,False,0.4062510785918514
GLYCOL STEARATE,111604,CCCCCCCCCCCCCCCCCC(=O)OCCO,328.53700000000003,5.7834000000000065,46.53,1,3,76.13874664306641,1.6863132992148613,52.46230189005534,23.67644475301107,128.60104853312174,20.95661392211914,0.7460613701374615,42.173542175292965,-21.216928253173826,63.130156097412105,37.491223907470705,1.261609433267462,48.053759123547245,-10.56253521607654,85.54498303101795,False,0.3544816579839046
HEXYLENE GLYCOL,107415,CC(O)CC(C)(C)O,118.17599999999999,0.5282,40.46,2,2,71.74161834716797,0.9096975141755093,52.46230189005534,19.27931645711263,124.20392023722331,26.80059471130371,0.32164581085714555,42.173542175292965,-15.372947463989256,68.97413688659668,51.90634536743164,1.8246299071000582,48.053759123547245,3.852586243884396,99.96010449097889,True,0.4607539509393572
HISTIDINE,71001,N[C@@H](Cc1cnc[nH]1)C(=O)O,155.15699999999998,-0.6359000000000001,92.0,3,3,63.08644256591797,0.6382517092425954,52.46230189005534,10.624140675862627,115.54874445597332,24.60823287963867,0.5675088758934835,42.173542175292965,-17.565309295654295,66.78177505493164,48.212197875976564,1.9192525474563376,48.053759123547245,0.15843875242931915,96.26595699952381,True,0.5306442622819167
HYDROGEN PEROXIDE,7722841,OO,34.014,0.01739999999999997,40.46,2,2,68.92579498291016,1.316041133522079,52.46230189005534,16.46349309285482,121.3880968729655,15.355987739562988,1.0611900258658533,42.173542175292965,-26.817554435729978,57.52952991485596,54.3358772277832,1.2004653858485452,48.053759123547245,6.2821181042359555,102.38963635133044,False,0.20292048793521825
HYDROXYETHYLPIPERAZINE ETHANE SULFONIC ACID,7365459,O=S(=O)(O)CCN1CCN(CCO)CC1,238.30899999999994,-1.5158999999999976,81.08000000000001,2,5,67.09236450195313,1.5934381135958589,52.46230189005534,14.630062611897785,119.55466639200847,22.072566986083984,0.37442925360774004,42.173542175292965,-20.10097518920898,64.24610916137695,45.41999053955078,1.137442492052057,48.053759123547245,-2.6337685839964635,93.47374966309803,False,0.45426838580103596
HYPROMELLOSE ACETATE SUCCINATE 06081224 (3 MPA.S),71138971,CC(=O)O.CC(O)CO.CO.O=C(O)CCC(=O)O,286.277,-1.0052999999999992,172.58999999999997,6,6,70.14083862304688,0.7420369911203945,52.46230189005534,17.67853673299153,122.60314051310222,20.961828231811523,0.6192253840647999,42.173542175292965,-21.211713943481442,63.13537040710449,51.903926849365234,1.3679101357487833,48.053759123547245,3.8501677258179896,99.95768597291249,False,0.36149641214397815
HYPROMELLOSE PHTHALATE,9050311,CC(C)Cn1cnc2c(N)nc3ccccc3c21,240.30999999999997,2.8227,56.730000000000004,1,3,67.88175964355469,1.38663420275891,52.46230189005534,15.419457753499344,120.34406153361003,24.97760887145996,0.48410214697911214,42.173542175292965,-17.195933303833005,67.15115104675293,43.893950653076175,1.0041724258404274,48.053759123547245,-4.15980847047107,91.94770977662341,False,0.5202678765728806
IMIDUREA,39236469,O=C(NCNC(=O)NC1C(=O)NC(=O)N1CO)NC1C(=O)NC(=O)N1CO,388.2970000000001,-4.802299999999996,221.54,8,8,62.93933639526367,0.9570022248852829,52.46230189005534,10.47703450520833,115.40163828531902,23.223285675048828,0.7967697297840437,42.173542175292965,-18.950256500244137,65.3968278503418,49.674651336669925,1.099253125109595,48.053759123547245,1.62089221312268,97.72841046021716,False,0.49458870513498426
INVERT SUGAR,8013170,O=C(CO)C(O)C(O)C(O)CO.O=CC(O)C(O)C(O)C(O)CO,360.31200000000007,-6.755999999999991,236.43999999999997,10,12,63.09714050292969,1.277846205484799,52.46230189005534,10.634838612874347,115.55944239298503,24.043302917480467,0.2743657283855736,42.173542175292965,-18.130239257812498,66.21684509277344,56.937158203125,1.3968677816651023,48.053759123547245,8.883399079577757,104.99091732667225,False,0.47046902405446583
ISOLEUCINE,73325,CC[C@H](C)[C@H](N)C(=O)O,131.175,0.44439999999999996,63.32000000000001,2,2,65.34986877441406,1.2810651790613408,52.46230189005534,12.88756688435872,117.8121706644694,25.900182723999023,0.5630844321956574,42.173542175292965,-16.273359451293942,68.07372489929199,52.72474212646485,0.7875077750970446,48.053759123547245,4.670983002917602,100.77850125001208,True,0.5135177725681116
ISOMALT,64519820,OCC(O)[C@@H](O)[C@H](O)[C@H](O)CO[C@H]1O[C@H](CO)[C@@H](O)[C@H](O)[C@H]1O,344.313,-5.761199999999992,200.52999999999997,9,11,63.56787948608398,1.5694863784034503,52.46230189005534,11.105577596028638,116.03018137613932,25.028453063964843,0.20564201653274825,42.173542175292965,-17.145089111328122,67.20199523925781,71.32947540283203,0.9315231381617116,48.053759123547245,23.275716279284786,119.38323452637928,False,0.39576223200932664
ISOPROPYL ALCOHOL,67630,CC(C)O,60.096000000000004,0.38710000000000006,20.23,1,1,62.564884948730466,1.0246543179269765,52.46230189005534,10.102583058675123,115.02718683878581,29.36624412536621,0.9007804807740738,42.173542175292965,-12.807298049926754,71.53978630065917,63.90938491821289,1.394655653315957,48.053759123547245,15.855625794665649,111.96314404176013,True,0.5107434627540453
ISOPROPYL ISOSTEARATE,68171335,CC(C)CCCCCCCCCCCCCCC(=O)OC(C)C,326.565,7.0554000000000086,26.3,0,2,73.26616973876953,1.3509499471051383,52.46230189005534,20.80386784871419,125.72847162882488,23.23501853942871,0.5546439255388377,42.173542175292965,-18.938523635864254,65.40856071472167,40.01250457763672,1.1573727638832871,48.053759123547245,-8.041254545910526,88.06626370118397,False,0.44259317942257365
ISOPROPYL MYRISTATE,110270,CCCCCCCCCCCCCC(=O)OC(C)C,270.45699999999994,5.639100000000005,26.3,0,2,74.28253784179688,1.4445111896257732,52.46230189005534,21.820235951741537,126.74483973185222,22.866564559936524,0.6361616050002831,42.173542175292965,-19.30697761535644,65.04010673522949,38.39800033569336,1.2550023644330874,48.053759123547245,-9.655758787853884,86.4517594592406,False,0.4235137793281821
ISOPROPYL PALMITATE,142916,CCCCCCCCCCCCCCCC(=O)OC(C)C,298.51099999999997,6.419300000000007,26.3,0,2,74.3841766357422,1.5171124975310555,52.46230189005534,21.92187474568685,126.84647852579754,22.780141830444336,0.6331143964002458,42.173542175292965,-19.39340034484863,64.9536840057373,37.95567092895508,1.2412858581239945,48.053759123547245,-10.098088194592165,86.00943005250232,False,0.4216583068160855
ISOSTEARIC ACID,30399849,CC(C)CCCCCCCCCCCCCCC(=O)O,284.4839999999999,6.188400000000006,37.3,1,1,72.89706878662109,1.3404675087494073,52.46230189005534,20.434766896565748,125.35937067667643,20.654159164428712,0.628331779265976,42.173542175292965,-21.519383010864253,62.82770133972168,40.41060104370117,1.171131005647985,48.053759123547245,-7.643158079846074,88.46436016724842,False,0.38672968002503044
ISOSTEARYL ALCOHOL,27458931,CC(C)CCCCCCCCCCCCCCCO,270.50099999999986,6.096100000000007,20.23,1,1,75.18122100830078,1.5748771461300244,52.46230189005534,22.718919118245438,127.64352289835612,22.328958129882814,0.7087481286052818,42.173542175292965,-19.84458404541015,64.50250030517577,42.13568878173828,1.2030639757323098,48.053759123547245,-5.9180703418089635,90.18944790528553,False,0.36977630130719596
LACTIC ACID,nan,CC(O)C(=O)O,90.07799999999999,-0.5482,57.53,2,2,63.91023559570313,0.7369907665262997,52.46230189005534,11.447933705647785,116.37253748575847,26.692823028564455,0.6299455533936885,42.173542175292965,-15.48071914672851,68.86636520385741,60.86836700439453,1.764597500207827,48.053759123547245,12.814607880847284,108.92212612794177,False,0.4758664204863869
"LACTIC ACID, L-",79334,C[C@H](O)C(=O)O,90.07799999999999,-0.5482,57.53,2,2,63.91023559570313,0.7369907665262997,52.46230189005534,11.447933705647785,116.37253748575847,26.692823028564455,0.6299455533936885,42.173542175292965,-15.48071914672851,68.86636520385741,60.86836700439453,1.764597500207827,48.053759123547245,12.814607880847284,108.92212612794177,False,0.4758664204863869
LACTITOL MONOHYDRATE,81025049,O.OC[C@@H](O)[C@@H](O[C@@H]1O[C@H](CO)[C@H](O)[C@H](O)[C@H]1O)[C@H](O)[C@@H](O)CO,362.3280000000001,-6.585899999999991,232.02999999999997,9,11,64.67786026000977,1.488070682572488,52.46230189005534,12.215558369954422,117.14016215006511,25.257032775878905,0.2948029012137339,42.173542175292965,-16.91650939941406,67.43057495117188,72.7891616821289,1.0013689013314504,48.053759123547245,24.73540255858166,120.84292080567616,False,0.3735321219151107
LACTOBIONIC ACID,96822,O=C(O)[C@H](O)[C@@H](O)[C@H](O[C@@H]1O[C@H](CO)[C@H](O)[C@H](O)[C@H]1O)[C@H](O)CO,358.29600000000005,-5.668899999999993,217.59999999999997,9,11,61.74376754760742,1.847517823152882,52.46230189005534,9.281465657552076,114.20606943766276,25.23791160583496,0.3113419447116556,42.173542175292965,-16.935630569458006,67.41145378112793,70.66597747802734,1.2884634214872153,48.053759123547245,22.6122183544801,118.7197366015746,False,0.39829126850050234
LACTOSE MONOHYDRATE,5989811,O.OC[C@H]1O[C@@H](O[C@H]2[C@H](O)[C@@H](O)[C@@H](O)O[C@@H]2CO)[C@H](O)[C@@H](O)[C@H]1O,360.312,-6.221899999999992,221.02999999999997,8,11,64.48328018188477,1.5577833269643133,52.46230189005534,12.020978291829422,116.94558207194011,24.90172424316406,0.7334140692362406,42.173542175292965,-17.271817932128904,67.07526641845703,78.3404052734375,0.8077819137672942,48.053759123547245,30.286646149890252,126.39416439698473,False,0.3086562119824153
LANOSTEROL,79630,CC(C)=CCC[C@@H](C)[C@H]1CC[C@@]2(C)C3=C(CC[C@]12C)[C@@]1(C)CC[C@H](O)C(C)(C)[C@@H]1CC3,426.7290000000002,8.479100000000006,20.23,1,1,67.73599090576172,1.076263888623951,52.46230189005534,15.273689015706381,120.19829279581707,24.112071990966797,0.3050476642761547,42.173542175292965,-18.06147018432617,66.28561416625976,49.98290023803711,1.5949054542737808,48.053759123547245,1.929141114489866,98.03665936158436,False,0.46598306949096097
LAURETH-2,3055934,CCCCCCCCCCCCOCCOCCO,274.44499999999994,3.9328000000000034,38.69,1,3,79.9688491821289,2.1637646031860527,52.46230189005534,27.506547292073563,132.43115107218426,20.86274833679199,0.7510829238848791,42.173542175292965,-21.310793838500974,63.03629051208496,44.16487808227539,1.670455363139848,48.053759123547245,-3.8888810412718513,92.21863720582263,False,0.23454856329468715
LAURIC DIETHANOLAMIDE,120401,CCCCCCCCCCCC(=O)N(CCO)CCO,287.444,2.720500000000001,60.77000000000001,2,3,72.51191711425781,0.8985238942429441,52.46230189005534,20.04961522420247,124.97421900431316,21.177370834350587,0.5493516514366874,42.173542175292965,-20.99617134094238,63.35091300964355,37.756621551513675,1.1564198801832979,48.053759123547245,-10.29713757203357,85.81038067506091,False,0.44033445020546935
LAURYL SULFATE,151417,CCCCCCCCCCCCOS(=O)(=O)O,266.40299999999996,3.726700000000002,63.60000000000001,1,3,73.4052520751953,1.2292233487577242,52.46230189005534,20.942950185139964,125.86755396525065,18.749042510986328,0.6520994596794014,42.173542175292965,-23.424499664306637,60.92258468627929,41.1736198425293,1.015554752498358,48.053759123547245,-6.8801392810179465,89.22737896607654,False,0.34399745203122334
LEUCINE,61905,CC(C)C[C@H](N)C(=O)O,131.175,0.44439999999999996,63.32000000000001,2,2,66.43711395263672,1.1609683782569102,52.46230189005534,13.974812062581378,118.89941584269206,24.82247123718262,0.4971895038594321,42.173542175292965,-17.351070938110347,66.99601341247558,51.86833190917969,0.8670775684245171,48.053759123547245,3.8145727856324427,99.92209103272694,False,0.490560282965937
LEVOMENTHOL,2216515,CC(C)[C@@H]1CC[C@@H](C)C[C@H]1O,156.269,2.439500000000001,20.23,1,1,68.55543670654296,1.499267672354107,52.46230189005534,16.09313481648762,121.0177385965983,25.217487335205078,0.6504430837793802,42.173542175292965,-16.956054840087887,67.39102951049804,50.56069412231445,1.0728881994655355,48.053759123547245,2.506934998767207,98.6144532458617,False,0.45658533782348176
LEVULINIC ACID,123762,CC(=O)CCC(=O)O,116.11599999999999,0.4402,54.370000000000005,1,2,66.9125961303711,0.2509332749593315,52.46230189005534,14.450294240315756,119.37489802042644,22.577309799194335,0.8294693022400548,42.173542175292965,-19.59623237609863,64.7508519744873,49.406489562988284,1.2070919195353904,48.053759123547245,1.3527304394410393,97.46024868653552,False,0.45782818204039566
LYSINE,56871,NCCCC[C@H](N)C(=O)O,146.19,-0.4726999999999995,89.34,3,3,64.75275192260742,1.1139416173068342,52.46230189005534,12.290450032552073,117.21505381266276,25.81414031982422,0.5474920027652042,42.173542175292965,-16.359401855468747,67.98768249511718,55.84653854370117,1.0788491157179403,48.053759123547245,7.792779420153927,103.90029766724842,True,0.49510237885393416
LYSINE ACETATE,57282492,CC(=O)O.NCCCC[C@H](N)C(=O)O,206.24200000000002,-0.3818000000000002,126.64,4,4,67.39597778320312,1.1760920862109867,52.46230189005534,14.933675893147779,119.85827967325847,23.52487144470215,0.5002662854063238,42.173542175292965,-18.648670730590815,65.69841361999511,51.66237258911133,1.40435105304958,48.053759123547245,3.6086134655640834,99.71613171265858,False,0.4373287828460511
LYSINE HYDROCHLORIDE,10098892,Cl.NCCCC[C@H](N)C(=O)O,182.65099999999998,-0.05090000000000017,89.34,3,3,66.11816101074218,1.3167657713518133,52.46230189005534,13.655859120686841,118.58046290079753,24.089148712158202,0.46952820343903223,42.173542175292965,-18.084393463134763,66.26269088745117,53.09216995239258,0.6826619956731597,48.053759123547245,5.038410828845336,101.14592907593982,False,0.4726228946018624
LYSINE MONOHYDRATE,39665128,NCCCC[C@H](N)C(=O)O.O,164.20499999999998,-1.297399999999999,120.84,3,3,64.15095367431641,1.1541567199193925,52.46230189005534,11.688651784261069,116.61325556437176,25.774160385131836,0.5786057952819618,42.173542175292965,-16.39938179016113,67.9477025604248,56.37733459472656,1.3879759799580347,48.053759123547245,8.323575471179318,104.43109371827381,True,0.48475730420817115
MAGNESIUM ALUMINUM SILICATE,1327431,[Al+3].[Mg+2].[O-][Si]([O-])([O-])[O-],143.369,-5.8984000000000005,92.24,0,4,66.88616333007812,1.2021208221659274,52.46230189005534,14.423861440022776,119.34846522013346,21.083505630493164,0.6940456804809543,42.173542175292965,-21.0900365447998,63.25704780578613,46.918383026123045,1.4083982221491707,48.053759123547245,-1.1353760974241993,94.97214214967029,False,0.4128387936906697
MAGNESIUM CARBONATE,17968262,O.O=C([O-])[O-].[Mg+2],102.328,-3.6525,94.69,0,3,67.95260009765624,1.0631855742954748,52.46230189005534,15.490298207600901,120.41490198771159,20.61244125366211,1.1291364560669603,42.173542175292965,-21.561100921630857,62.78598342895508,48.51906509399414,1.8737216444067915,48.053759123547245,0.4653059704468987,96.57282421754138,False,0.34547747539382667
MAGNESIUM HYDROXIDE,1317437,[Mg+2].[OH-].[OH-],58.31900000000001,-0.7343999999999999,60.0,0,2,69.48955993652343,1.8286066657342663,52.46230189005534,17.02725804646809,121.95186182657878,22.484965515136718,0.9900641790081264,42.173542175292965,-19.688576660156247,64.65850769042969,50.57382583618164,1.7818323503470255,48.053759123547245,2.520066712634396,98.62758495972889,False,0.33681048519847756
MAGNESIUM SULFATE,nan,O=S(=O)([O-])[O-].[Mg+2],120.368,-1.7187999999999997,80.26,0,4,65.7035888671875,1.4306377674508284,52.46230189005534,13.241286977132162,118.16589075724285,21.232994842529298,0.9596560670019934,42.173542175292965,-20.940547332763668,63.40653701782226,45.447635650634766,1.3072608421320138,48.053759123547245,-2.606123472912479,93.50139477418202,False,0.4188394219739151
MAGNESIUM TRISILICATE,39365872,O=[Si]([O-])O[Si]([O-])([O-])O[Si](=O)[O-].[Mg+2].[Mg+2],260.86,-7.0344,144.84,0,8,65.56651306152344,1.0519289401827463,52.46230189005534,13.104211171468094,118.02881495157878,20.35518112182617,1.046614800813948,42.173542175292965,-21.818361053466795,62.528723297119136,45.71856155395508,1.2672928945347637,48.053759123547245,-2.335197569592168,93.77232067750232,False,0.4099199972753512
MALEIC ACID,110167,O=C(O)/C=C\C(=O)O,116.07199999999999,-0.28819999999999985,74.6,2,2,63.20412750244141,0.5016383631883714,52.46230189005534,10.741825612386066,115.66642939249675,18.822048950195313,0.483219055178242,42.173542175292965,-23.351493225097652,60.995591125488275,50.04095687866211,1.5897172464790619,48.053759123547245,1.9871977551148632,98.09471600220935,False,0.4179568835135297
MALIC ACID,617481,O=C(O)CC(O)C(=O)O,134.087,-1.0934000000000001,94.83,3,3,59.99454345703125,0.8166050855602911,52.46230189005534,7.532241566975905,112.45684534708658,19.39566993713379,0.38650113311538425,42.173542175292965,-22.777872238159176,61.569212112426754,58.6207778930664,1.1744668862407057,48.053759123547245,10.567018769519159,106.67453701661364,False,0.41503274170150667
"MALIC ACID, L-",97676,O=C(O)C[C@H](O)C(=O)O,134.087,-1.0934000000000001,94.83,3,3,59.99454345703125,0.8166050855602911,52.46230189005534,7.532241566975905,112.45684534708658,19.39566993713379,0.38650113311538425,42.173542175292965,-22.777872238159176,61.569212112426754,58.6207778930664,1.1744668862407057,48.053759123547245,10.567018769519159,106.67453701661364,False,0.41503274170150667
MALTITOL,585886,OC[C@@H](O)[C@@H](O[C@H]1O[C@H](CO)[C@@H](O)[C@H](O)[C@H]1O)[C@H](O)[C@@H](O)CO,344.3130000000001,-5.761199999999992,200.52999999999997,9,11,62.080773162841794,1.8186166744944203,52.46230189005534,9.61847127278645,114.54307505289714,24.75163803100586,0.33876269262143804,42.173542175292965,-17.421904144287105,66.92518020629882,71.44005584716797,1.0335755899586347,48.053759123547245,23.386296723620724,119.49381497071522,False,0.3864873685472181
MALTOL,118718,Cc1occc(=O)c1O,126.11099999999998,0.6538199999999998,50.44,1,3,65.2087791442871,1.958294227023954,52.46230189005534,12.746477254231763,117.67108103434245,24.779884338378906,0.4296576277078199,42.173542175292965,-17.39365783691406,66.95342651367187,47.13401794433594,1.128132074962983,48.053759123547245,-0.9197411792113073,95.18777706788319,True,0.5037355128793786
MALTOSE ANHYDROUS,69794,OC[C@H]1O[C@H](O[C@H]2[C@H](O)[C@@H](O)C(O)O[C@@H]2CO)[C@H](O)[C@@H](O)[C@@H]1O,342.297,-5.397199999999993,189.52999999999997,8,11,62.9018913269043,1.7485770907416216,52.46230189005534,10.439589436848955,115.36419321695965,24.427781295776366,0.8729474534640425,42.173542175292965,-17.7457608795166,66.60132347106934,76.99129638671874,0.7788025856593506,48.053759123547245,28.9375372631715,125.045055510266,False,0.31199324490920066
MALTOSE MONOHYDRATE,6363537,O.OC[C@H]1O[C@H](O[C@H]2[C@H](O)[C@@H](O)C(O)O[C@@H]2CO)[C@H](O)[C@@H](O)[C@@H]1O,360.312,-6.221899999999992,221.02999999999997,8,11,64.48328018188477,1.5577833269643133,52.46230189005534,12.020978291829422,116.94558207194011,24.90172424316406,0.7334140692362406,42.173542175292965,-17.271817932128904,67.07526641845703,78.3404052734375,0.8077819137672942,48.053759123547245,30.286646149890252,126.39416439698473,False,0.3086562119824153
MANNITOL,87785,OC[C@@H](O)[C@@H](O)[C@H](O)[C@H](O)CO,182.172,-3.5854000000000004,121.38000000000001,6,6,59.004923248291014,1.7783847648434463,52.46230189005534,6.542621358235671,111.46722513834635,24.291382598876954,0.3045343797672182,42.173542175292965,-17.88215957641601,66.46492477416992,71.70545349121093,0.9801379381083134,48.053759123547245,23.651694367663687,119.75921261475818,False,0.41495464507508223
MEGLUMINE,6284408,CNC[C@H](O)[C@@H](O)[C@H](O)[C@H](O)CO,195.21499999999997,-3.3582999999999994,113.18,6,6,60.71135025024414,1.271357219980266,52.46230189005534,8.249048360188795,113.17365214029948,26.317362594604493,0.364517961935485,42.173542175292965,-15.856179580688472,68.49090476989745,73.6074722290039,0.7220962342027497,48.053759123547245,25.55371310545666,121.66123135255114,False,0.4465242248993121
MENTHOL,nan,CC1CCC(C(C)C)C(O)C1,156.26899999999998,2.4395000000000007,20.23,1,1,67.34114379882813,1.3513017079861736,52.46230189005534,14.878841908772785,119.80344568888347,25.270938110351562,0.560897578611137,42.173542175292965,-16.902604064941404,67.44448028564453,47.51552810668945,0.8303641150423103,48.053759123547245,-0.5382310168577931,95.5692872302367,False,0.5098810687875597
METACRESOL,108394,Cc1cccc(O)c1,108.13999999999999,1.7006199999999998,20.23,1,1,65.21011657714844,1.2545464647206894,52.46230189005534,12.747814687093097,117.67241846720378,23.998977279663087,0.7714166019583306,42.173542175292965,-18.174564895629878,66.17251945495605,40.57647552490234,0.7248009718170679,48.053759123547245,-7.477283598644902,88.63023464844959,False,0.5492454777718221
METANIL YELLOW,587984,O=S(=O)([O-])c1cccc(N=Nc2ccc(Nc3ccccc3)cc2)c1.[Na+],375.38500000000005,1.7537000000000005,93.95,1,6,64.96739044189454,1.5867806745894142,52.46230189005534,12.505088551839194,117.42969233194988,23.20068817138672,0.3092000393218502,42.173542175292965,-18.972854003906246,65.37423034667968,38.27635955810547,1.0597472718020013,48.053759123547245,-9.777399565441776,86.33011868165272,False,0.5562946250772226
METAPHOSPHORIC ACID,37267860,O=P(=O)O,79.979,0.06659999999999994,54.370000000000005,1,2,62.38033447265625,1.7097715733428942,52.46230189005534,9.918032582600908,114.8426363627116,23.665234375,0.5053594277289114,42.173542175292965,-18.508307800292965,65.83877655029296,44.32522277832031,1.5103322839124718,48.053759123547245,-3.728536345226935,92.37898190186755,True,0.5243567060373342
METHANESULFONIC ACID,75752,CS(=O)(=O)O,96.107,-0.49599999999999983,54.370000000000005,1,2,69.80115966796875,1.304934478901202,52.46230189005534,17.338857777913404,122.26346155802409,22.336780166625978,0.753375829886787,42.173542175292965,-19.836762008666987,64.51032234191894,47.29712753295898,1.35588753760166,48.053759123547245,-0.7566315905882632,95.35088665650622,False,0.397684693898791
METHIONINE,63683,CSCC[C@H](N)C(=O)O,149.215,0.1513999999999998,63.32000000000001,2,3,65.88412933349609,0.6774755557351664,52.46230189005534,13.421827443440748,118.34643122355143,26.39036865234375,0.7242330433788817,42.173542175292965,-15.783173522949216,68.56391082763672,54.85820770263672,1.706643910690261,48.053759123547245,6.804448579089474,102.91196682618397,False,0.48656897653452663
METHYL GLUCETH-10,68239429,CO[C@@H]1O[C@H](COCCO)C(OCCO)C(OCCO)C1OCCO,370.39500000000015,-2.500899999999995,136.3,4,10,68.27827758789063,1.2481454069123907,52.46230189005534,15.815975697835285,120.74057947794597,22.04475555419922,0.9895282239149282,42.173542175292965,-20.128786621093745,64.21829772949218,67.91247100830078,0.3837072329668561,48.053759123547245,19.85871188475354,115.96623013184802,False,0.2869303737107089
METHYL LAURATE,111820,CCCCCCCCCCCC(=O)OC,214.34899999999996,4.080300000000003,26.3,0,2,74.80142059326172,1.346665912138282,52.46230189005534,22.33911870320638,127.26372248331707,22.08038902282715,0.7406558557495426,42.173542175292965,-20.093153152465817,64.25393119812011,36.78349609375,1.2581148446205326,48.053759123547245,-11.270263029797242,84.83725521729724,False,0.4097189231314007
METHYL SALICYLATE,68917759,COC(=O)c1ccccc1O,152.14899999999997,1.1787999999999998,46.53,1,3,68.5922134399414,1.503335965750513,52.46230189005534,16.12991154988606,121.05451532999675,23.965515899658204,0.9630512404067221,42.173542175292965,-18.20802627563476,66.13905807495117,42.14674835205078,1.5714394266838327,48.053759123547245,-5.907010771496466,90.20050747559802,False,0.4539227747820641
METHYL STEARATE,112618,CCCCCCCCCCCCCCCCCC(=O)OC,298.51099999999997,6.420900000000007,26.3,0,2,75.84988403320312,1.5783271735439575,52.46230189005534,23.38758214314778,128.31218592325848,21.683200454711915,0.7895422182650164,42.173542175292965,-20.49034172058105,63.85674263000488,36.341165924072264,1.2639352864590025,48.053759123547245,-11.71259319947498,84.39492504761951,False,0.3816233835667717
METHYLCHLOROISOTHIAZOLINONE/METHYLISOTHIAZOLINONE MIXTURE,55965849,Cn1sc(Cl)cc1=O.Cn1sccc1=O,264.759,1.5470000000000002,44.0,0,4,67.45883331298828,2.1322991035627643,52.46230189005534,14.996531422932932,119.92113520304362,23.090092849731445,0.7940990580549642,42.173542175292965,-19.08344932556152,65.26363502502441,43.230455017089845,0.9082594495229084,48.053759123547245,-4.8233041064574,91.28421414063709,False,0.44959343482992264
METHYLENE BLUE,122965439,CN(C)c1ccc2nc3ccc(=[N+](C)C)cc-3sc2c1.O.[Cl-],337.8760000000001,-1.3217999999999983,50.64,0,3,67.38661499023438,1.4044516486629612,52.46230189005534,14.924313100179035,119.84891688028972,24.405618286132814,0.5908461308027674,42.173542175292965,-17.76792388916015,66.57916046142577,41.018804931640624,1.2460042980348949,48.053759123547245,-7.034954191906621,89.07256405518787,False,0.5193599578344665
METHYLPARABEN,99763,COC(=O)c1ccc(O)cc1,152.149,1.1788,46.53,1,3,67.46986236572266,1.5951834027683456,52.46230189005534,15.007560475667319,119.932164255778,23.91880073547363,0.787320458117783,42.173542175292965,-18.254741439819334,66.0923429107666,39.62546615600586,1.6287575683890703,48.053759123547245,-8.428292967541388,87.6792252795531,False,0.4880172268408032
METHYLPARABEN SODIUM,5026620,COC(=O)c1ccc([O-])cc1.[Na+],174.131,-2.4491999999999985,49.36,0,3,68.8951187133789,1.4923653779311359,52.46230189005534,16.432816823323563,121.35742060343425,24.493073654174804,1.0024368305172708,42.173542175292965,-17.68046852111816,66.66661582946777,39.17207794189453,0.9835010984914827,48.053759123547245,-8.881681181652716,87.22583706544177,False,0.49765289847647354
MONOBASIC POTASSIUM PHOSPHATE,7778770,O=P([O-])(O)O.[K+],136.084,-4.5565999999999995,80.59,2,2,66.82067413330078,1.4125204125559705,52.46230189005534,14.35837224324544,119.28297602335613,20.372563552856445,0.6897481704632481,42.173542175292965,-21.80097862243652,62.54610572814941,50.94082183837891,0.5817159390739831,48.053759123547245,2.8870627148316643,98.99458096192615,False,0.3899356697018101
MONOSODIUM CITRATE,18996355,O=C([O-])CC(O)(CC(=O)O)C(=O)O.[Na+],214.105,-5.579199999999999,134.96,3,5,63.36995620727539,0.6225108724302341,52.46230189005534,10.90765431722005,115.83225809733074,19.399145889282227,0.4125757322320064,42.173542175292965,-22.774396286010738,61.57268806457519,49.622816467285155,1.5824257245916837,48.053759123547245,1.56905734373791,97.6765755908324,False,0.43089051387015476
MONOSODIUM GLUTAMATE HYDRATE,6106043,N[C@@H](CCC(=O)O)C(=O)O.O.[Na],188.135,-1.9423999999999984,132.12,3,3,63.64277114868164,0.5744349435771965,52.46230189005534,11.180469258626296,116.10507303873698,21.749253463745116,0.6966745078786807,42.173542175292965,-20.42428871154785,63.922795639038085,49.87370071411133,1.3100768988585547,48.053759123547245,1.8199415905640848,97.92745983765857,False,0.4678018297845998
MONOSTEARYL CITRATE,1323666,CCCCCCCCCCCCCCCCCCOC(=O)CC(O)(CC(=O)[O-])C(=O)[O-],442.5930000000002,2.8022,126.78999999999999,1,7,72.23910369873047,1.2043177720950204,52.46230189005534,19.77680180867513,124.70140558878582,22.351990127563475,0.7436709743273193,42.173542175292965,-19.82155204772949,64.52553230285645,36.1642333984375,1.4047029302251322,48.053759123547245,-11.889525725109742,84.21799252198474,False,0.448683055464314
MONOTHIOGLYCEROL,96275,OCC(O)CS,108.16200000000002,-0.7305999999999999,40.46,3,3,57.426876831054685,0.9005910039768578,52.46230189005534,4.964574940999341,109.88917872111003,16.239016342163087,0.6824556951185422,42.173542175292965,-25.93452583312988,58.41255851745605,62.05712890625,1.3772287320653163,48.053759123547245,14.003369782702755,110.11088802979725,False,0.32943931126676756
MYRISTIC ACID,544638,CCCCCCCCCCCCCC(=O)O,228.37599999999995,4.772100000000004,37.3,1,1,74.03112030029297,1.2255159029954845,52.46230189005534,21.568818410237625,126.49342219034831,18.61345977783203,0.8998676164805264,42.173542175292965,-23.560082397460935,60.787001953125,38.652339935302734,0.9826302281550592,48.053759123547245,-9.40141918824451,86.70609905884999,False,0.33796005583589916
MYRISTYL ALCOHOL,112721,CCCCCCCCCCCCCCO,214.39299999999994,4.679800000000005,20.23,1,1,77.09092407226562,2.0888320454126577,52.46230189005534,24.62862218221028,129.55322596232097,19.6703125,0.6431410313585764,42.173542175292965,-22.503229675292964,61.84385467529297,39.7471061706543,1.622815135645796,48.053759123547245,-8.306652952892946,87.80086529420154,False,0.2828888187799608
MYRISTYL LACTATE,1323031,CCCCCCCCCCCCCCOC(=O)C(C)O,286.45599999999996,4.611500000000005,46.53,1,3,73.87599182128906,1.445640387007396,52.46230189005534,21.41368993123372,126.3382937113444,22.741764068603516,0.7807731108217559,42.173542175292965,-19.43177810668945,64.91530624389648,38.785038757324216,1.5701169141460614,48.053759123547245,-9.268720366223029,86.83879788087145,False,0.404763211577442
N-ACETYL-D-ALANINE,19436523,CC(=O)N[C@H](C)C(=O)O,131.131,-0.40440000000000015,66.4,2,2,65.49897766113281,0.7149467543713421,52.46230189005534,13.03667577107747,117.96127955118816,23.767084884643555,0.7829181134670001,42.173542175292965,-18.40645729064941,65.94062705993652,52.131483459472655,0.9618822602234679,48.053759123547245,4.07772433592541,100.1852425830199,False,0.4736997127051257
NEOTAME,165450179,COC(=O)[C@H](Cc1ccccc1)NC(=O)[C@H](CC(=O)O)NCCC(C)(C)C,378.46900000000016,1.7559999999999991,104.73,3,5,69.23831024169922,1.2195840661510255,52.46230189005534,16.77600835164388,121.70061213175457,22.45579605102539,0.8667925872062829,42.173542175292965,-19.717746124267574,64.62933822631835,39.34900970458985,1.4364668276945356,48.053759123547245,-8.704749418957398,87.40276882813708,False,0.4543257889442972
NIACINAMIDE,98920,NC(=O)c1cccnc1,122.12699999999997,0.18050000000000016,55.980000000000004,1,2,65.21880950927735,1.3521730848661548,52.46230189005534,12.756507619222006,117.68111139933269,25.247037506103517,0.5328503337726342,42.173542175292965,-16.92650466918945,67.42057968139648,36.36328125,1.00039028756981,48.053759123547245,-11.690477873547245,84.41704037354725,True,0.6054173000280455
NITRIC ACID,7697372,O=[N+]([O-])O,63.01200000000001,-0.34770000000000006,63.370000000000005,1,2,64.02524490356446,0.8186352303644618,52.46230189005534,11.562943013509113,116.4875467936198,18.324910354614257,0.6619588983877659,42.173542175292965,-23.84863182067871,60.498452529907226,49.30972900390625,0.7224774220125597,48.053759123547245,1.2559698803590038,97.3634881274535,False,0.4085588028679904
N-PHENYL-1-NAPTHYLAMINE,90302,c1ccc(Nc2cccc3ccccc23)cc1,219.287,4.583400000000003,12.03,1,1,65.18470764160156,2.239346184584854,52.46230189005534,12.72240575154622,117.6470095316569,23.30759048461914,0.3862798313887567,42.173542175292965,-18.865951690673825,65.4811326599121,40.26684417724609,0.6499009153802152,48.053759123547245,-7.786914946301152,88.32060330079334,False,0.5277913732871996
OCTISALATE,118605,CCCCC(CC)COC(=O)c1ccccc1O,250.338,3.7654000000000036,46.53,1,3,69.95093841552735,1.4868673145852387,52.46230189005534,17.488636525472003,122.41324030558269,23.926079940795898,0.5945567450662653,42.173542175292965,-18.247462234497068,66.09962211608887,40.786581420898436,0.8446361961381224,48.053759123547245,-7.267177702648809,88.84034054444568,False,0.49140528352414786
OCTYLDODECANOL,5333426,CCCCCCCCCCC(CO)CCCCCCCC,298.555,6.8763000000000085,20.23,1,1,75.33635101318359,1.7099060255543896,52.46230189005534,22.874049123128245,127.79865290323893,20.108349990844726,0.6590670081912859,42.173542175292965,-22.06519218444824,62.281892166137695,37.6902717590332,1.3372707364635874,48.053759123547245,-10.363487364514043,85.74403088258045,False,0.34669655474975614
OLEIC ACID,112801,CCCCCCCC/C=C\CCCCCCCC(=O)O,282.4679999999999,6.1085000000000065,37.3,1,1,73.23407440185547,1.3869462502059966,52.46230189005534,20.771772511800123,125.69637629191081,18.926343536376955,0.7664067425508136,42.173542175292965,-23.24719863891601,61.09988571166992,35.721902465820314,1.0312072372669074,48.053759123547245,-12.33185665772693,83.77566158936756,False,0.37391488034707093
OLETH-2,9004982,CCCCCCCC/C=C\CCCCCCCCOCCOCCO,356.5910000000001,6.049400000000007,38.69,1,3,77.29954681396484,2.1554706061362316,52.46230189005534,24.837244923909495,129.76184870402017,20.268268585205078,0.765018004401803,42.173542175292965,-21.905273590087887,62.44181076049804,39.901921081542966,1.1371198804569536,48.053759123547245,-8.151838042004279,87.9556802050902,False,0.2972176377625504
OLETH-20,9004982,CCCCCCCC/C=C\CCCCCCCCOCCO,312.538,6.032800000000007,29.46,1,2,75.82313842773438,2.0896279070681127,52.46230189005534,23.360836537679035,128.28544031778972,20.532482147216797,0.7125193109369615,42.173542175292965,-21.64106002807617,62.70602432250976,38.519639587402345,1.458013430521576,48.053759123547245,-9.5341195361449,86.57339871094959,False,0.32418709706946713
OLEYL ALCOHOL,593475,CCCCCCCCC=CCCCCCCCCO,268.4849999999999,6.0162000000000075,20.23,1,1,75.49683227539063,1.9462645710120974,52.46230189005534,23.034530385335287,127.95913416544597,20.362134170532226,0.6340764776471275,42.173542175292965,-21.81140800476074,62.535676345825195,38.95091247558594,1.9567162665690077,48.053759123547245,-9.102846647961307,87.00467159913319,False,0.31573008342895836
O-TOLYL BIGUANIDE,93696,Cc1ccccc1N=C(N)N=C(N)N,191.23799999999997,0.21462000000000026,102.77999999999999,3,1,66.872412109375,1.2922135465258087,52.46230189005534,14.410110219319662,119.33471399943035,25.294839096069335,0.9177848137114935,42.173542175292965,-16.87870307922363,67.4683812713623,41.95875625610351,0.49280576886433275,48.053759123547245,-6.095002867443732,90.01251537965075,True,0.5449781770191712
PALMITIC ACID,57103,CCCCCCCCCCCCCCCC(=O)O,256.4299999999999,5.552300000000005,37.3,1,1,74.61419372558593,1.192018591000664,52.46230189005534,22.15189183553059,127.07649561564128,18.710801315307616,0.9294396146305748,42.173542175292965,-23.46274085998535,60.884343490600585,38.198950958251956,1.0476771142453567,48.053759123547245,-9.854808165295289,86.2527100817992,False,0.333913149768324
PALMITOSTEARIC ACID,61790383,CCCCCCCCCCCCCCCCCC(=O)O,284.4839999999999,6.332500000000007,37.3,1,1,75.04748992919922,1.4118111370213549,52.46230189005534,22.585188039143873,127.50979181925456,19.16274490356445,0.8438349075418907,42.173542175292965,-23.010797271728514,61.33628707885742,38.44223327636719,1.0095161867562013,48.053759123547245,-9.611525847180054,86.49599239991443,False,0.33513517350741917
PECTIN,9000695,O=C(O)[C@H]1O[C@@H](O)[C@H](O)[C@@H](O)[C@H]1O,194.139,-3.1291000000000007,127.45000000000002,5,6,61.203486633300784,1.888767220463014,52.46230189005534,8.74118474324544,113.66578852335613,23.949003219604492,0.818691274976529,42.173542175292965,-18.224538955688473,66.12254539489746,78.89331817626953,0.731519191551205,48.053759123547245,30.839559052722286,126.94707729981678,False,0.30811548171851344
PEG/PPG-4/30 COPOLYMER,691397134,C1CO1.CC1CO1,102.13299999999998,0.42169999999999996,25.06,0,2,74.00437622070312,1.050643433046993,52.46230189005534,21.54207433064778,126.46667811075847,18.902008056640625,0.4405140683551929,42.173542175292965,-23.27153411865234,61.07555023193359,53.05502090454102,0.9285271265815468,48.053759123547245,5.001261780993772,101.10878002808826,False,0.2809772248685394
PEG-5 OLEATE,9004960,CCCCCCCC/C=C\CCCCCCCC(=O)OCCO,326.521,5.559400000000006,46.53,1,3,74.14880676269532,1.5901042010781152,52.46230189005534,21.686504872639972,126.61110865275066,20.688923645019532,0.6912537393321074,42.173542175292965,-21.484618530273433,62.862465820312494,35.94306869506836,1.1000593559782892,48.053759123547245,-12.110690428478883,83.9968278186156,False,0.3934466000110689
PEG-8 LAURATE,9004813,CCCCCCCCCCCC(=O)OCCO,244.37499999999994,3.4428000000000023,46.53,1,3,75.52357635498046,1.425326643097084,52.46230189005534,23.06127446492512,127.9858782450358,21.09045867919922,0.6922927295056692,42.173542175292965,-21.083083496093746,63.26400085449218,37.94461212158203,1.3363564632304563,48.053759123547245,-10.109147001965212,85.99837124512928,False,0.37105160991002795
PENTADECALACTONE,106025,O=C1CCCCCCCCCCCCCCO1,240.38699999999992,4.614500000000004,26.3,0,2,69.45345306396484,1.5460801474509323,52.46230189005534,16.9911511739095,121.91575495402019,18.915913772583007,1.1566634595711713,42.173542175292965,-23.25762840270996,61.089455947875976,45.4752815246582,1.1358272921600734,48.053759123547245,-2.5784775988890445,93.52904064820544,False,0.3185584668753577
PENTETIC ACID,67436,O=C(O)CN(CCN(CC(=O)O)CC(=O)O)CCN(CC(=O)O)CC(=O)O,393.3490000000002,-2.6845999999999934,196.21999999999997,5,8,68.08478240966797,0.8403144221785481,52.46230189005534,15.622480519612623,120.54708429972331,17.39321098327637,0.3805766335037235,42.173542175292965,-24.780331192016597,59.566753158569334,47.48788223266602,1.8373353099138987,48.053759123547245,-0.5658768908812277,95.54164135621326,False,0.3375040808306701
PHENAZOPYRIDINE HYDROCHLORIDE,136403,Cl.Nc1ccc(N=Nc2ccccc2)c(N)n1,249.705,3.0832000000000015,89.64999999999999,2,5,66.80053100585937,1.5051324832455784,52.46230189005534,14.338229115804026,119.26283289591471,24.04721336364746,0.5130574255466407,42.173542175292965,-18.126328811645504,66.22075553894042,39.857688903808594,1.2879889450279236,48.053759123547245,-8.196070219738651,87.91144802735585,False,0.5262254374890463
PHENOL,108952,Oc1ccccc1,94.11299999999999,1.3921999999999999,20.23,1,1,61.17406692504883,2.2791181544222407,52.46230189005534,8.711765034993483,113.63636881510416,20.25088577270508,1.1514162973992823,42.173542175292965,-21.922656402587887,62.42442794799804,35.85460205078125,0.9690955239074996,48.053759123547245,-12.199157072765992,83.90836117432849,True,0.48439726068299116
PHENOXYETHANOL,122996,OCCOc1ccccc1,138.16599999999997,1.0576999999999999,29.46,1,2,65.15394821166993,1.2232504517498233,52.46230189005534,12.691646321614584,117.61625010172527,18.11632080078125,0.668137453547028,42.173542175292965,-24.057221374511716,60.28986297607422,37.402757263183595,0.6597987582815412,48.053759123547245,-10.65100186036365,85.45651638673084,False,0.45981125591562527
PHENYLALANINE,63912,N[C@@H](Cc1ccccc1)C(=O)O,165.19199999999995,0.641,63.32000000000001,2,2,63.8968620300293,0.6431193438575272,52.46230189005534,11.434560139973954,116.35916392008464,23.300637435913085,0.7404013360045736,42.173542175292965,-18.87290473937988,65.47417961120605,38.09942626953125,1.1479305278362038,48.053759123547245,-9.954332854015995,86.1531853930785,True,0.5767346691267862
PHENYLETHYL ALCOHOL,1321273,OCCc1ccccc1,122.16699999999996,1.2214,20.23,1,1,63.56186294555664,1.7593803695835561,52.46230189005534,11.099561055501297,116.02416483561198,19.948431396484374,0.7904252614172751,42.173542175292965,-22.22511077880859,62.12197357177734,34.70454330444336,0.8639613827552733,48.053759123547245,-13.349215819103883,82.7583024279906,True,0.5015372845075312
PHENYLMERCURIC ACETATE,62384,CC(=O)[O][Hg][c]1ccccc1,336.74000000000007,0.8725,26.3,0,2,69.05409393310546,1.486911631366028,52.46230189005534,16.59179204305012,121.5163958231608,23.97790107727051,0.9754428100597096,42.173542175292965,-18.195641098022456,66.15144325256347,35.08052368164063,1.5840723406390802,48.053759123547245,-12.973235441906617,83.13428280518787,True,0.4964070007634849
PHENYLMERCURIC NITRATE,55685,O=[N+]([O-])[O][Hg][c]1ccccc1,339.70000000000005,0.5176999999999999,52.370000000000005,0,3,67.13854370117187,1.4193725122809786,52.46230189005534,14.676241811116526,119.60084559122721,21.853548049926758,0.6302285332464127,42.173542175292965,-20.319994125366208,64.02709022521972,35.12475738525391,1.3354416904171886,48.053759123547245,-12.929001738293337,83.17851650880115,False,0.5042326769809808
PHOSPHORIC ACID,7664382,O=P(O)(O)O,97.99399999999999,-0.9286000000000001,77.76,3,1,64.44516525268554,0.5173638534316818,52.46230189005534,11.982863362630198,116.90746714274088,20.090968322753906,0.5935538931854465,42.173542175292965,-22.08257385253906,62.264510498046874,55.49267425537109,0.9010473411600646,48.053759123547245,7.438915131823848,103.54643337891834,False,0.40713705531774413
PIPERAZINE,110850,C1CNCCN1,86.138,-0.8208,24.06,2,2,69.20069732666016,0.9475491507005722,52.46230189005534,16.73839543660482,121.6629992167155,19.253133392333986,0.4961039422461439,42.173542175292965,-22.92040878295898,61.42667556762695,52.36906509399414,0.5304748919301119,48.053759123547245,4.315305970446893,100.42282421754138,False,0.35956055851428714
POLYOXYL DISTEARATE,9005087,CCCCCCCCCCCCCCCCC(=O)O.OCCO,332.525,4.9134000000000055,77.76,3,3,76.6790283203125,1.753364120769042,52.46230189005534,24.216726430257154,129.14133021036784,19.89628448486328,0.6886080323230603,42.173542175292965,-22.277257690429686,62.069826660156245,38.961970520019534,1.323021993409807,48.053759123547245,-9.09178860352771,87.01572964356677,False,0.31577010581447185
POLYVINYL ALCOHOL GRAFT POLYETHYLENE GLYCOL COPOLYMER (3:1; 45000 MW),121786161,C1CO1.C=CO,88.10599999999998,0.7044999999999999,32.76,1,2,64.90252990722657,0.446403893711184,52.46230189005534,12.440228017171222,117.36483179728191,20.08749122619629,0.8052706635083543,42.173542175292965,-22.086050949096677,62.26103340148926,55.3765625,0.934565630330417,48.053759123547245,7.322803376452754,103.43032162354724,False,0.39179735148589356
POTASSIUM ACETATE,127082,CC(=O)[O-].[K+],98.142,-4.2398,40.129999999999995,0,2,65.39032135009765,0.7845408789279895,52.46230189005534,12.928019460042307,117.852623240153,25.069084548950194,1.1347437249844832,42.173542175292965,-17.10445762634277,67.24262672424317,44.9666015625,1.421060472646445,48.053759123547245,-3.087157561047242,93.02036068604724,False,0.5132402281215659
POTASSIUM ALUM,7784249,O.O.O.O.O.O.O.O.O.O.O.O.O=S(=O)([O-])[O-].O=S(=O)([O-])[O-].[Al+3].[K+],474.38600000000014,-15.949199999999989,538.5199999999999,0,8,72.03582916259765,1.7337851137015514,52.46230189005534,19.573527272542307,124.498131052653,21.206920623779297,0.8396570604694912,42.173542175292965,-20.96662155151367,63.38046279907226,45.18223648071289,1.6121545377538098,48.053759123547245,-2.871522642834357,93.23599560426013,False,0.33577872527428887
POTASSIUM BICARBONATE,298146,O=C([O-])O.[K+],100.114,-4.1083,60.36,1,2,63.277680206298825,1.7059923343773458,52.46230189005534,10.815378316243482,115.73998209635417,20.41080513000488,0.8403187860925506,42.173542175292965,-21.762737045288084,62.58434730529785,46.58663558959961,1.5946912501749162,48.053759123547245,-1.4671235339476354,94.64039471314686,False,0.4100990052982779
POTASSIUM BITARTRATE,868144,O=C([O-])[C@H](O)[C@@H](O)C(=O)O.[K+],188.176,-6.453299999999999,117.89,3,5,60.31015243530273,1.569235088396299,52.46230189005534,7.84785054524739,112.77245432535807,23.69315528869629,0.34167374865723754,42.173542175292965,-18.480386886596676,65.86669746398925,54.71928787231445,0.6065921484122785,48.053759123547245,6.665528748767208,102.7730469958617,False,0.5198879543554575
POTASSIUM CARBONATE,584087,O=C([O-])[O-].[K+].[K+],138.204,-8.439,63.19,0,3,64.55626831054687,1.443041687217243,52.46230189005534,12.093966420491526,117.01857020060221,22.075174713134764,1.0375427279542841,42.173542175292965,-20.0983674621582,64.24871688842774,45.58033447265625,1.6493487352062612,48.053759123547245,-2.4734246508909976,93.63409359620348,False,0.43268251962800364
POTASSIUM CITRATE,6100056,O.O=C([O-])CC(O)(CC(=O)[O-])C(=O)[O-].[K+].[K+].[K+],324.408,-15.065300000000002,172.12,1,7,64.45720138549805,1.2205892639120628,52.46230189005534,11.99489949544271,116.9195032755534,22.284633255004884,0.8118481553368635,42.173542175292965,-19.88890892028808,64.45817543029784,44.01559143066406,1.0961626469300574,48.053759123547245,-4.038167692883185,92.0693505542113,False,0.486636310712637
POTASSIUM METABISULFITE,16731558,O=S([O-])S(=O)(=O)[O-].[K+].[K+],222.325,-7.6663,97.33,0,5,64.01245727539063,1.704070284408495,52.46230189005534,11.550155385335287,116.47475916544597,21.15129699707031,0.7903179971849029,42.173542175292965,-21.022245178222654,63.324839172363276,44.43580627441406,1.3706875685805715,48.053759123547245,-3.6179528491331823,92.48956539796131,False,0.4414720553463076
POTASSIUM METAPHOSPHATE,7790536,O=P(=O)[O-].[K+],118.069,-3.5614,57.2,0,3,64.69190292358398,1.2537607808975677,52.46230189005534,12.229601033528638,117.15420481363932,22.520165634155273,0.9276512448659529,42.173542175292965,-19.653376541137693,64.69370780944824,43.949242401123044,1.4202861265358322,48.053759123547245,-4.104516722424201,92.00300152467028,False,0.47141497659510156
POTASSIUM SORBATE,590001,C/C=C/C=C/C(=O)[O-].[K+],150.218,-3.127399999999999,40.129999999999995,0,2,69.93221435546874,0.9484038017632196,52.46230189005534,17.4699124654134,122.39451624552409,24.00238609313965,0.6257680095010494,42.173542175292965,-18.171156082153317,66.17592826843261,40.08991241455078,1.098390544471429,48.053759123547245,-7.9638467089964635,88.14367153809803,False,0.5071278600436058
POTASSIUM SULFATE,7778805,O=S(=O)([O-])[O-].[K+].[K+],174.25900000000001,-7.33,80.26,0,4,65.97640380859374,1.5664549190108192,52.46230189005534,13.514101918538401,118.43870569864909,21.40334281921387,0.9398747199227278,42.173542175292965,-20.770199356079097,63.576884994506834,45.06059646606445,1.4118217920337133,48.053759123547245,-2.9931626574827916,93.1143555896117,False,0.41508681731218644
PPG-26 OLEATE,31394715,CCCCCCCC/C=C/CCCCCCCC(=O)OCCCO,340.54800000000006,5.949500000000008,46.53,1,3,73.5550308227539,1.6392284354232247,52.46230189005534,21.092728932698563,126.01733271280925,21.19996795654297,0.6661264853041493,42.173542175292965,-20.973574218749995,63.373510131835936,36.208465576171875,1.0707681834519531,48.053759123547245,-11.84529354737537,84.26222469971913,False,0.4094736689365084
PROLINE,147853,O=C(O)[C@@H]1CCCN1,115.13200000000002,-0.177,49.33,2,2,62.06472473144531,1.0143102564108202,52.46230189005534,9.602422841389966,114.52702662150065,20.014485168457032,0.4690811122097054,42.173542175292965,-22.159057006835933,62.188027343749994,51.101166534423825,1.2454963733048112,48.053759123547245,3.0474074108765805,99.15492565797106,False,0.44153974400732027
PROPIONIC ACID,79094,CCC(=O)O,74.079,0.481,37.3,1,1,62.01123123168945,0.429079595788078,52.46230189005534,9.548929341634107,114.4735331217448,21.356410217285156,0.9214602414819898,42.173542175292965,-20.81713195800781,63.529952392578124,59.79571685791016,1.0284760396034567,48.053759123547245,11.741957734362913,107.8494759814574,False,0.4113739443564199
PROPYL ALCOHOL,71238,CCCO,60.096,0.3887,20.23,1,1,58.53953399658203,0.9236812519239891,52.46230189005534,6.0772321065266866,111.00183588663737,25.200974655151366,1.3577215875195014,42.173542175292965,-16.9725675201416,67.37451683044434,56.78268890380859,2.4346191972898765,48.053759123547245,8.728929780261346,104.83644802735583,True,0.4639830057690073
PROPYL GALLATE,121799,CCCOC(=O)c1cc(O)c(O)c(O)c1,212.201,1.3701999999999999,86.99000000000001,3,5,66.71753387451172,1.381457507794135,52.46230189005534,14.255231984456373,119.17983576456706,23.670727920532226,0.5751025788866158,42.173542175292965,-18.50281425476074,65.8442700958252,45.408930969238284,0.7712287346132595,48.053759123547245,-2.6448281543089607,93.46269009278552,False,0.4983030181353372
PROPYLENE CARBONATE,108327,CC1COC(=O)O1,102.08899999999998,0.5417000000000001,35.53,0,3,68.72260437011718,1.1092166233869383,52.46230189005534,16.26030248006184,121.18490626017253,23.759534454345705,0.5959505356223159,42.173542175292965,-18.41400772094726,65.93307662963866,56.3759521484375,1.378672393065442,48.053759123547245,8.322193024890254,104.42971127198474,False,0.3927322311522659
PROPYLENE GLYCOL,57556,CC(O)CO,76.095,-0.6405000000000001,40.46,2,2,59.49170913696289,0.8196846216533596,52.46230189005534,7.029407246907546,111.95401102701823,26.918794631958008,0.5529038776819278,42.173542175292965,-15.254747543334958,69.09233680725097,65.44648361206055,1.179868487689246,48.053759123547245,17.392724488513302,113.5002427356078,False,0.5187731830880636
PROPYLENE GLYCOL DIACETATE,623847,CC(=O)OCC(C)OC(C)=O,160.16899999999998,0.5010999999999999,52.6,0,4,71.96896362304688,1.1808524971856162,52.46230189005534,19.50666173299153,124.43126551310222,24.97934799194336,1.1153966552070125,42.173542175292965,-17.194194183349605,67.15289016723632,49.83499603271484,1.3383908565504226,48.053759123547245,1.7812369091675961,97.88875515626208,False,0.39400242654099016
PROPYLENE GLYCOL DICAPRYLATE,7384987,CCCCCCCC(=O)OCC(C)OC(=O)CCCCCCC,328.49300000000017,5.182300000000006,52.6,0,4,74.22904663085937,1.6803975845181311,52.46230189005534,21.76674474080403,126.69134852091472,22.257690811157225,0.6541418328464972,42.173542175292965,-19.91585136413574,64.4312329864502,39.78028030395508,0.7556921092031635,48.053759123547245,-8.273478819592164,87.83403942750232,False,0.4082603230493613
PROPYLENE GLYCOL MONOLAURATE,27194747,CCCCCCCCCCCC(=O)OCC(C)O,258.40199999999993,3.831300000000003,46.53,1,3,73.82249908447265,1.125314999309031,52.46230189005534,21.36019719441731,126.284800974528,22.75178680419922,0.6122158941319688,42.173542175292965,-19.421755371093745,64.92532897949218,39.38218460083008,1.1968470190277065,48.053759123547245,-8.671574522717165,87.43594372437732,False,0.4340008488687101
PROPYLENE GLYCOL MONOPALMITOSTEARATE,nan,CCCCCCCCCCCCCCCCCC(=O)OCC(C)O,342.564,6.171900000000008,46.53,1,3,75.30425415039062,1.479195549543802,52.46230189005534,22.841952260335276,127.76655604044596,22.624460220336914,0.6880796317309049,42.173542175292965,-19.54908195495605,64.79800239562988,39.33795013427734,1.1640099033646714,48.053759123547245,-8.715808989269902,87.39170925782459,False,0.3991965047108973
PROPYLPARABEN,94133,CCCOC(=O)c1ccc(O)cc1,180.20299999999997,1.9589999999999999,46.53,1,3,68.64236450195312,1.457823425373858,52.46230189005534,16.18006261189778,121.10466639200847,23.61134910583496,0.4508445285182471,42.173542175292965,-18.562193069458004,65.78489128112793,37.977787017822266,1.113318495469858,48.053759123547245,-10.07597210572498,86.03154614136952,False,0.5199235822380973
QUATERNIUM-15,4080313,ClC=CC[N+]12CN3CN(CN(C3)C1)C2.[Cl-],251.16099999999997,-2.7484999999999964,9.72,0,3,68.75536804199218,1.026856941894603,52.46230189005534,16.29306615193684,121.21766993204753,22.147311782836915,0.2916207680989572,42.173542175292965,-20.02623039245605,64.32085395812987,56.519709777832034,1.2695331448884724,48.053759123547245,8.46595065428479,104.57346890137927,False,0.3822836782893933
QUATERNIUM-15 CIS-FORM,51229788,Cl/C=C\C[N+]12CN3CN(CN(C3)C1)C2.[Cl-],251.16099999999997,-2.7484999999999964,9.72,0,3,69.12714385986328,1.0912117575025644,52.46230189005534,16.664841969807938,121.58944574991862,22.613161087036133,0.3424564649437254,42.173542175292965,-19.560381088256833,64.7867032623291,52.782711791992185,0.9034220846923025,48.053759123547245,4.72895266844494,100.83647091553942,False,0.41904017600230203
RHODAMINE B,81889,CCN(CC)c1ccc2c(-c3ccccc3C(=O)O)c3ccc(=[N+](CC)CC)cc-3oc2c1.[Cl-],479.0200000000002,2.5650000000000004,56.690000000000005,1,3,67.75747375488281,1.2647785154537783,52.46230189005534,15.295171864827466,120.21977564493815,23.012522888183593,0.4391171067002889,42.173542175292965,-19.161019287109372,65.18606506347656,42.11357116699219,0.9642900278968787,48.053759123547245,-5.940187956555057,90.16733029053944,False,0.5015347427162917
RIBOFLAVIN,83885,Cc1cc2nc3c(=O)[nH]c(=O)nc-3n(C[C@H](O)[C@H](O)[C@H](O)CO)c2cc1C,376.36900000000014,-1.7235599999999989,161.56,5,8,66.29736328125,1.3153305254045438,52.46230189005534,13.835061391194657,118.75966517130534,24.284484481811525,0.35717830941554213,42.173542175292965,-17.88905769348144,66.45802665710448,49.69123992919922,0.741965336310168,48.053759123547245,1.6374808056519754,97.74499905274646,False,0.5024869607331777
RICINOLEIC ACID,141220,CCCCCC[C@@H](O)C/C=C\CCCCCCCC(=O)O,298.4669999999999,5.079300000000004,57.53,2,2,71.14784545898438,0.9731334304343905,52.46230189005534,18.685543568929035,123.61014734903972,21.43289260864258,0.4567849694590674,42.173542175292965,-20.740649566650387,63.60643478393554,38.91773681640625,1.0989474829655825,48.053759123547245,-9.136022307140998,86.97149593995348,False,0.45762809647477903
SACCHARIN,81072,O=C1NS(=O)(=O)c2ccccc21,183.18800000000002,0.11869999999999997,63.24,1,3,62.99951705932617,1.6830553096091274,52.46230189005534,10.53721516927083,115.46181894938152,23.328232192993163,0.6013744160853483,42.173542175292965,-18.845309982299803,65.50177436828614,42.025106811523436,1.0552376737215479,48.053759123547245,-6.028652312023809,90.07886593507068,True,0.5353697023543293
SACCHARIN CALCIUM,6381915,O.O=S1(=O)N=C([O-])c2ccccc21.O=S1(=O)N=C([O-])c2ccccc21.[Ca+2],422.4530000000002,-2.213899999999998,170.62,0,6,65.7931900024414,1.2524799627556051,52.46230189005534,13.330888112386063,118.25549189249675,22.99237060546875,0.7523297129030585,42.173542175292965,-19.181171569824215,65.16591278076172,42.11357192993164,1.1208726859355291,48.053759123547245,-5.940187193615607,90.16733105347888,False,0.50061419474387
SACCHARIN SODIUM,6155573,O.O.O=C1[N-]S(=O)(=O)c2ccccc21.[Na+],241.20000000000002,-3.7425999999999986,128.30999999999997,0,3,65.14324951171875,1.364350992608327,52.46230189005534,12.680947621663407,117.6055514017741,23.163859558105468,0.5514299171683206,42.173542175292965,-19.009682617187497,65.33740173339844,43.35209579467774,1.4064432561709472,48.053759123547245,-4.7016633288695076,91.40585491822497,False,0.5021023040139689
SACCHARIN SODIUM ANHYDROUS,128449,O=C1[N-]S(=O)(=O)c2ccccc21.[Na+],205.17000000000002,-2.0931999999999995,65.31,0,3,62.57959518432617,1.9005295530860729,52.46230189005534,10.11729329427083,115.04189707438152,23.166249084472657,0.6958803142536631,42.173542175292965,-19.00729309082031,65.33979125976562,42.48955307006836,1.561916916721372,48.053759123547245,-5.564206053478884,90.5433121936156,True,0.5049657183325439
SACCHARIN SODIUM MONOHYDRATE,171734717,O.O=C1[N-]S(=O)(=O)c2ccccc21.[Na+],223.18500000000003,-2.9178999999999995,96.81,0,3,64.14259567260743,1.4178369012336158,52.46230189005534,11.680293782552084,116.60489756266277,23.008547973632812,0.6311687442052133,42.173542175292965,-19.164994201660154,65.18209014892578,43.6174934387207,1.3364492759583657,48.053759123547245,-4.4362656848265445,91.67125256226794,False,0.5040179562121914
SERINE,56451,N[C@@H](CO)C(=O)O,105.09299999999999,-1.6093999999999997,83.55,3,3,59.71103057861328,0.8495811680983947,52.46230189005534,7.248728688557939,112.17333246866863,26.738017654418947,0.701644389414887,42.173542175292965,-15.435524520874019,68.9115598297119,60.75778427124023,1.807728717889661,48.053759123547245,12.704025147692988,108.81154339478748,False,0.5154372965578866
SILICON DIOXIDE,14808607,O=[Si]=O,60.084,-0.6184000000000001,34.14,0,2,56.528194427490234,1.0669683475977063,52.46230189005534,4.065892537434891,108.99049631754558,19.708553314208984,1.065021207371687,42.173542175292965,-22.46498886108398,61.88209548950195,51.746691131591795,1.4990305350753803,48.053759123547245,3.6929320080445507,99.80045025513904,True,0.44889794716221765
SILODRATE,12408478,O.O=[Si]([O-])[O-].O=[Si]([O-])[O-].O=[Si]([O-])[O-].[Al+3].[Al+3].[Mg+2].[Mg+2].[O-2].[O-2],380.836,-11.218300000000003,278.07,0,9,68.67379302978516,1.456858528717416,52.46230189005534,16.211491139729816,121.1360949198405,22.481924057006836,0.9574815373884933,42.173542175292965,-19.69161811828613,64.6554662322998,46.61980972290039,1.6153761922220569,48.053759123547245,-1.4339494006468527,94.67356884644764,False,0.3927896463233982
SIMETHICONE,8050815,CO[Si](C)(C)O[Si](C)(C)C.O=[Si]=O,238.46399999999997,1.5676999999999999,52.6,0,4,73.65667114257812,1.9704458033986139,52.46230189005534,21.194369252522776,126.11897303263346,23.076301956176756,0.9817310593629911,42.173542175292965,-19.09724021911621,65.24984413146973,46.68062973022461,2.2443486159084762,48.053759123547245,-1.3731293933226354,94.73438885377186,False,0.3097434633632907
"SODIUM 1,2-ETHANEDISULFONATE",5325439,O=S(=O)([O-])CCS(=O)(=O)[O-].[Na+].[Na+],234.162,-7.915200000000001,114.4,0,6,66.15226287841797,1.3849628732937669,52.46230189005534,13.689960988362628,118.61456476847331,21.945674896240234,0.6359126930661785,42.173542175292965,-20.22786727905273,64.1192170715332,42.46743621826172,1.2688591938548253,48.053759123547245,-5.586322905285527,90.52119534180896,False,0.47030495379355514
SODIUM ACETATE,6131904,CC(=O)[O-].O.O.O.[Na+],136.079,-6.713899999999996,134.63,0,2,73.19662933349609,0.9865961117565933,52.46230189005534,20.734327443440748,125.65893122355143,22.01607437133789,0.9654383835801472,42.173542175292965,-20.157467803955075,64.18961654663086,49.53365936279297,1.5359032369993126,48.053759123547245,1.4799002392457226,97.58741848634021,False,0.3308755834767789
SODIUM ACETATE ANHYDROUS,127093,CC(=O)[O-].[Na+],82.034,-4.2398,40.129999999999995,0,2,66.60762329101563,0.8995582061949985,52.46230189005534,14.145321400960285,119.06992518107097,24.212456130981444,1.3583895612421057,42.173542175292965,-17.96108604431152,66.38599830627442,47.81962966918945,1.0963018331816263,48.053759123547245,-0.23412945435779164,95.8733887927367,False,0.45546225366851084
SODIUM ASCORBATE,134032,O=C1O[C@H]([C@@H](O)CO)C([O-])=C1O.[Na+],198.106,-5.601099999999998,110.05000000000001,3,6,61.52979583740235,1.0363577491348057,52.46230189005534,9.067493947347003,113.99209772745769,23.487715911865234,0.7024800154733508,42.173542175292965,-18.68582626342773,65.6612580871582,55.841009521484374,0.9399559912094971,48.053759123547245,7.787250397937129,103.89476864503162,False,0.4816553148117103
SODIUM BENZOATE,532321,O=C([O-])c1ccccc1.[Na+],144.10499999999996,-2.945899999999999,40.129999999999995,0,2,63.895941162109374,1.709805526329015,52.46230189005534,11.43363927205403,116.35824305216471,23.062932586669923,0.7005588357867296,42.173542175292965,-19.110609588623042,65.23647476196288,37.2921745300293,1.1342119120645189,48.053759123547245,-10.761584593517945,85.34593365357654,True,0.5428073822266534
SODIUM BICARBONATE,144558,O=C([O-])O.[Na+],84.006,-4.1083,60.36,1,2,63.650794219970706,0.685045732546017,52.46230189005534,11.188492329915363,116.11309611002605,19.0619255065918,0.3967466775228898,42.173542175292965,-23.111616668701167,61.235467681884764,54.400326538085935,0.881055919468744,48.053759123547245,6.34656741453869,102.45408566163317,False,0.40862401114687663
SODIUM BISULFATE,7681381,O=S(=O)([O-])O.[Na+],120.06099999999998,-3.9913999999999996,77.43,1,3,66.80655059814453,1.409556289719452,52.46230189005534,14.344248708089182,119.26885248819987,20.761930847167967,0.519220297863009,42.173542175292965,-21.411611328124998,62.93547302246093,48.162435150146486,0.6860122357837922,48.053759123547245,0.10867602659924103,96.21619427369373,False,0.42380220703869026
SODIUM BISULFATE ACETONE,7546125,CC(C)(O)OS(=O)(=O)[O-].[Na+],178.141,-3.804399999999999,86.66,1,5,68.5694808959961,1.320216417316975,52.46230189005534,16.10717900594075,121.03178278605144,23.43556900024414,1.1167905930724706,42.173542175292965,-18.737973175048825,65.60911117553711,48.740229797363284,1.447279611949396,48.053759123547245,0.6864706738160393,96.79398892091052,False,0.3997791206254402
SODIUM BISULFITE,7631905,O=S([O-])O.[Na+],104.06199999999998,-3.6574999999999998,60.36,1,2,64.82663803100586,1.2718415794370366,52.46230189005534,12.364336140950513,117.2889399210612,18.98544387817383,0.41798935831419387,42.173542175292965,-23.188098297119137,61.15898605346679,49.00562744140625,0.9483532854044003,48.053759123547245,0.9518683178590024,97.05938656495348,False,0.406609690030069
SODIUM BITARTRATE,526943,O=C([O-])[C@H](O)[C@@H](O)C(=O)O.[Na+],172.06799999999998,-6.453299999999999,117.89,3,5,60.44923553466797,1.3320084835089776,52.46230189005534,7.986933644612627,112.91153742472332,23.108561325073243,0.20085216242787898,42.173542175292965,-19.064980850219722,65.2821035003662,59.26492004394531,1.4352748307543346,48.053759123547245,11.211160920398065,107.31867916749255,False,0.4665481720461312
SODIUM BORATE,1303964,O.O.O.O.O.O.O.O.O.O.[Na+].[Na+].[O-]B1OB2OB([O-])OB(O1)O2,381.37100000000015,-18.482200000000013,407.2700000000001,0,7,73.26082153320313,1.7445135236006928,52.46230189005534,20.798519643147785,125.72312342325847,21.01397590637207,0.7947106333141699,42.173542175292965,-21.159566268920894,63.18751808166503,47.31371536254883,1.707775354922458,48.053759123547245,-0.7400437609984181,95.36747448609607,False,0.30285375177390683
SODIUM CARBONATE,497198,O=C([O-])[O-].[Na+].[Na+],105.988,-8.439,63.19,0,3,69.31972045898438,0.9679927384820256,52.46230189005534,16.857418568929035,121.78202234903972,21.340765762329102,0.733251086838829,42.173542175292965,-20.832776412963863,63.514307937622064,47.421532440185544,1.5138701260361263,48.053759123547245,-0.6322266833617007,95.47529156373278,False,0.3899312808139275
SODIUM CARBONATE MONOHYDRATE,5968116,O.O=C([O-])[O-].[Na+].[Na+],124.003,-9.2637,94.69,0,3,70.88572998046875,1.1144042650238735,52.46230189005534,18.42342809041341,123.3480318705241,22.004775619506837,0.7635711560890829,42.173542175292965,-20.168766555786128,64.1783177947998,48.993186950683594,1.8031971587940927,48.053759123547245,0.939427827136349,97.04694607423085,False,0.3594730293612235
SODIUM CHLORATE,7775099,[Na+].[O-][Cl+2]([O-])[O-],106.44,-6.563000000000001,69.17999999999999,0,3,68.81153869628906,0.8128086288669836,52.46230189005534,16.34923680623372,121.2738405863444,21.584120559692384,0.6768538184191242,42.173542175292965,-20.589421615600582,63.757662734985345,49.786617279052734,1.712246885599321,48.053759123547245,1.7328581555054896,97.84037640259999,False,0.38722639706314704
SODIUM CHLORITE,7758192,[Na+].[O-][Cl+][O-],90.441,-5.3740000000000006,46.12,0,2,68.98137664794922,1.4593238484937896,52.46230189005534,16.519074757893875,121.44367853800456,23.123445510864258,0.7282967705981311,42.173542175292965,-19.050096664428708,65.29698768615722,52.08604202270508,1.612030517655395,48.053759123547245,4.032282899157835,100.13980114625232,False,0.3787665053107263
SODIUM DESOXYCHOLATE,302954,C[C@H](CCC(=O)[O-])[C@H]1CC[C@H]2[C@@H]3CC[C@@H]4C[C@H](O)CC[C@]4(C)[C@H]3C[C@H](O)[C@]12C.[Na+],414.5620000000002,0.14720000000000294,80.59,2,4,67.91502532958984,1.2198017545140531,52.46230189005534,15.452723439534495,120.37732721964518,24.632567596435546,0.2098725891104406,42.173542175292965,-17.54097457885742,66.80610977172852,50.27456207275391,1.6122260502022787,48.053759123547245,2.2208029492066643,98.32832119630115,False,0.4726713927070909
SODIUM DITHIONATE,7631949,O=S(=O)([O-])S(=O)(=O)[O-].[Na+].[Na+],206.108,-8.0002,114.4,0,6,66.15426940917969,1.354445363229288,52.46230189005534,13.691967519124347,118.61657129923503,22.109070205688475,0.7841276080247076,42.173542175292965,-20.06447196960449,64.28261238098145,43.186222076416016,1.2000111950378745,48.053759123547245,-4.867537047131229,91.23998119996327,False,0.46328667398694134
SODIUM DITHIONITE,7775146,O=S([O-])S(=O)[O-].[Na+].[Na+],174.11,-7.3324,80.25999999999999,0,4,67.31506652832032,0.9405432138741872,52.46230189005534,14.852764638264972,119.77736841837566,20.692399978637695,0.6391076757801868,42.173542175292965,-21.48114219665527,62.86594215393066,46.31017837524414,1.1439275904786288,48.053759123547245,-1.7435807483031027,94.36393749879139,False,0.424568972578785
SODIUM ETHYLPARABEN,35285688,CCOC(=O)c1ccc(O)cc1.[Na],189.166,1.1881,46.53,1,3,67.87273406982422,1.2777233485978932,52.46230189005534,15.410432179768875,120.33503595987956,24.367098236083983,0.9258584575382004,42.173542175292965,-17.806443939208982,66.54064041137696,37.82297058105469,1.104497335575427,48.053759123547245,-10.230788542492554,85.87672970460193,False,0.5240102151819831
SODIUM FORMALDEHYDE SULFOXYLATE,16750315,O=S([O-])CO.[Na+],118.08899999999998,-4.180699999999999,60.36,1,3,66.22213897705078,1.1724078866447976,52.46230189005534,13.759837086995432,118.68444086710612,18.43615837097168,0.4466173524353736,42.173542175292965,-23.737383804321286,60.60970054626465,51.18824996948242,1.0129922613103013,48.053759123547245,3.1344908459351757,99.24200909302967,False,0.3646106308736403
SODIUM GLUCONATE,527071,O=C([O-])[C@H](O)[C@@H](O)[C@H](O)[C@H](O)CO.[Na+],218.137,-7.823799999999997,141.28,5,7,60.850432586669925,1.319816495033602,52.46230189005534,8.388130696614581,113.31273447672527,23.82406692504883,0.31930705119161745,42.173542175292965,-18.349475250244137,65.99760910034179,61.542920684814455,0.7986468117795491,48.053759123547245,13.48916156126721,109.5966798083617,False,0.4742897691381245
SODIUM LACTATE,72173,CC(O)C(=O)[O-].[Na+],112.05999999999999,-4.878899999999999,60.36,1,3,65.92880554199219,0.9253970013541096,52.46230189005534,13.466503651936847,118.39110743204753,25.689420700073242,1.033051648108648,42.173542175292965,-16.484121475219723,67.86296287536621,50.37408676147461,0.9517722732536734,48.053759123547245,2.320327637927363,98.42784588502185,True,0.4985965013203491
"SODIUM LACTATE, L-",867561,C[C@H](O)C(=O)[O-].[Na+],112.05999999999999,-4.878899999999999,60.36,1,3,65.92880554199219,0.9253970013541096,52.46230189005534,13.466503651936847,118.39110743204753,25.689420700073242,1.033051648108648,42.173542175292965,-16.484121475219723,67.86296287536621,50.37408676147461,0.9517722732536734,48.053759123547245,2.320327637927363,98.42784588502185,True,0.4985965013203491
SODIUM LAURETH-2 SULFATE,3088311,CCCCCCCCCCCCOCCOCCOS(=O)(=O)[O-].[Na+],376.49100000000004,0.42130000000000223,84.89,0,6,75.01004333496094,1.5685765870198576,52.46230189005534,22.547741444905597,127.47234522501628,20.42471046447754,0.8202899992001934,42.173542175292965,-21.748831710815427,62.59825263977051,40.95245590209961,0.9418356919079176,48.053759123547245,-7.101303221447637,89.00621502564685,False,0.3423846847904538
SODIUM LAURETH-3 SULFATE,13150000,CCCCCCCCCCCCOCCOCCOCCOS(=O)(=O)[O-].[Na+],420.54400000000015,0.4379000000000035,94.12,0,7,75.95687255859374,1.568141244378311,52.46230189005534,23.4945706685384,128.41917444864907,19.951908111572266,0.7553666465282141,42.173542175292965,-22.2216340637207,62.12545028686523,42.246270751953126,0.7398296584741467,48.053759123547245,-5.807488371594118,90.30002987550037,False,0.3232253166717193
SODIUM LAURETH-5 SULFATE,9004824,CCCCCCCCCCCCOCCOS(=O)(=O)[O-].[Na+],332.438,0.40470000000000184,75.66,0,5,73.6459732055664,1.6097231069411577,52.46230189005534,21.183671315511063,126.10827509562175,20.63677635192871,0.9420328247276325,42.173542175292965,-21.536765823364256,62.810318527221675,40.37742691040039,1.1942915457268972,48.053759123547245,-7.676332213146857,88.43118603394763,False,0.34973039756189805
SODIUM LAUROYL SARCOSINATE,137166,CCCCCCCCCCCC(=O)N(C)CC(=O)[O-].[Na+],293.383,-0.8803999999999967,60.44,0,3,71.57311553955078,1.1243594949924274,52.46230189005534,19.11081364949544,124.03541742960613,22.453894805908202,0.9491006047342468,42.173542175292965,-19.719647369384763,64.62743698120117,37.11524200439453,1.0666488540191523,48.053759123547245,-10.938517119152714,85.16900112794178,False,0.4530047564054989
SODIUM LAURYL FUMARATE,68498237,CCCCCCCCCCCCOC(=O)/C=C/C(=O)[O-].[Na+],306.378,-0.23939999999999784,66.43,0,4,72.43167877197266,1.3766961237656292,52.46230189005534,19.969376881917313,124.893980662028,22.57839698791504,0.70732695970271,42.173542175292965,-19.595145187377927,64.75193916320801,37.8008544921875,0.8525626263189978,48.053759123547245,-10.252904631359748,85.85461361573473,False,0.453081666399079
SODIUM LAURYL SULFATE,151213,CCCCCCCCCCCCOS(=O)(=O)[O-].[Na+],288.385,0.38810000000000056,66.43,0,4,72.54401397705078,1.5601278564661807,52.46230189005534,20.081712086995438,125.00631586710612,20.775836181640624,0.9308688066729923,42.173542175292965,-21.39770599365234,62.94937835693359,39.492767333984375,1.0915785840927654,48.053759123547245,-8.56099178956287,87.54652645753163,False,0.3765479608206972
SODIUM LAURYL SULFOACETATE,1847581,CCCCCCCCCCCCOC(=O)CS(=O)(=O)[O-].[Na+],330.422,-0.0002999999999986347,83.5,0,5,71.68812561035156,1.474994356201235,52.46230189005534,19.22582372029622,124.1504275004069,21.24863967895508,0.9948837417830705,42.173542175292965,-20.924902496337886,63.422181854248045,38.75186309814453,1.2552945124900234,48.053759123547245,-9.301896025402712,86.80562222169178,False,0.39514718929585124
SODIUM METABISULFITE,7681574,O=S([O-])S(=O)(=O)[O-].[Na+].[Na+],190.109,-7.6663,97.33,0,5,66.47656555175782,1.1669104644220114,52.46230189005534,14.014263661702472,118.93886744181316,21.584120178222655,0.5784576111119978,42.173542175292965,-20.58942199707031,63.75766235351562,44.82284393310547,0.8911323421562614,48.053759123547245,-3.2309151904417774,92.87660305665271,False,0.46580055457248354
"SODIUM METAPHOSPHATE, INSOLUBLE",50813166,O=P(=O)[O-].[Na+],101.961,-3.5614,57.2,0,3,65.35220947265626,1.0154090491218222,52.46230189005534,12.889907582600912,117.8145113627116,21.598026275634766,0.6348189955234363,42.173542175292965,-20.5755158996582,63.77156845092773,45.87337799072266,1.2299782800919978,48.053759123547245,-2.1803811328245857,93.9271371142699,False,0.4632397431899986
SODIUM NITRATE,7631994,O=[N+]([O-])[O-].[Na+],84.994,-3.2351,66.2,0,3,67.12750854492188,1.2931635487890614,52.46230189005534,14.665206654866537,119.58981043497722,20.63677635192871,0.9449153755494424,42.173542175292965,-21.536765823364256,62.810318527221675,45.33152313232422,1.6122313138474134,48.053759123547245,-2.722235991223023,93.38528225587146,False,0.38765020638905123
SODIUM OLEATE,143191,CCCCCCCC/C=C\CCCCCCCC(=O)[O-].[Na+],304.44999999999993,1.7777999999999994,40.129999999999995,0,2,71.57311553955078,1.5189023300221756,52.46230189005534,19.11081364949544,124.03541742960613,21.594549942016602,1.068109168608063,42.173542175292965,-20.578992233276363,63.768092117309564,35.87671813964844,0.7705938142134899,48.053759123547245,-12.177040983898806,83.93047726319568,False,0.43212471811934206
SODIUM PHOSPHATE,7632055,O=P([O-])([O-])[O-].[Na+],117.96,-5.820600000000001,86.25,0,4,66.83212585449219,1.4054604307970673,52.46230189005534,14.369823964436847,119.29442774454753,20.866225051879884,1.13482800820305,42.173542175292965,-21.307317123413082,63.039767227172845,46.01713485717774,1.4522346714474776,48.053759123547245,-2.0366242663695076,94.07089398072497,False,0.3809363587345458
"SODIUM PHOSPHATE, DIBASIC",10140655,O.O=P([O-])([O-])O.[Na+].[Na+],159.97299999999998,-9.0093,114.92,1,3,71.61590881347657,1.3920935285590386,52.46230189005534,19.153606923421222,124.07821070353191,21.344242095947266,0.7556546027401718,42.173542175292965,-20.8293000793457,63.51778427124023,51.48544082641602,1.5306390509298873,48.053759123547245,3.4316817028687723,99.53919994996326,False,0.31988333735066976
"SODIUM PHOSPHATE, DIBASIC, ANHYDROUS",7558794,O=P([O-])([O-])O.[Na+].[Na+],141.958,-8.1846,83.42,1,3,69.63934020996093,1.44507063892389,52.46230189005534,17.17703831990559,122.10164210001628,20.236980056762697,0.7010623906348531,42.173542175292965,-21.93656211853027,62.41052223205566,50.440435791015624,0.8140406655168976,48.053759123547245,2.386676667468379,98.49419491456287,False,0.34985207927641493
"SODIUM PHOSPHATE, DIBASIC, DIHYDRATE",10028247,O.O.O=P([O-])([O-])O.[Na+].[Na+],177.98800000000003,-9.833999999999998,146.42,1,3,71.68812561035156,1.4192292616281368,52.46230189005534,19.22582372029622,124.1504275004069,21.28861885070801,0.7725787326555003,42.173542175292965,-20.884923324584957,63.46216102600097,50.38289794921875,1.7339098991982584,48.053759123547245,2.3291388256715067,98.436657072766,False,0.3172409437574757
"SODIUM PHOSPHATE, DIBASIC, DODECAHYDRATE",10039324,O.O.O.O.O.O.O.O.O.O.O.O.O=P([O-])([O-])O.[Na+].[Na+],358.13800000000003,-18.081000000000003,461.42,1,3,75.2828582763672,1.809109739030914,52.46230189005534,22.82055638631185,127.74516016642254,19.72245979309082,0.8576722695359901,42.173542175292965,-22.451082382202145,61.896001968383786,46.84373931884765,2.076922044651293,48.053759123547245,-1.2100198046995914,94.89749844239489,False,0.23948955785004575
"SODIUM PHOSPHATE, DIBASIC, HEPTAHYDRATE",7782856,O.O.O.O.O.O.O.O=P([O-])([O-])O.[Na+].[Na+],268.063,-13.957499999999994,303.92,1,3,73.5550323486328,1.7256319936838158,52.46230189005534,21.092730458577464,126.01733423868815,20.26479263305664,0.8601064783451372,42.173542175292965,-21.908749542236325,62.43833480834961,49.3152587890625,2.053056241504403,48.053759123547245,1.2614996655152524,97.36901791260973,False,0.25682507747306615
"SODIUM PHOSPHATE, MONOBASIC",nan,O=P([O-])(O)O.[Na+],119.97599999999998,-4.5565999999999995,80.59,2,2,67.66210479736328,1.2763935109527322,52.46230189005534,15.19980290730794,120.12440668741863,19.990149307250977,0.6942892019073613,42.173542175292965,-22.183392868041988,62.16369148254394,53.32879867553711,0.8310658170751054,48.053759123547245,5.275039551989863,101.38255779908435,False,0.3532341191781397
"SODIUM PHOSPHATE, MONOBASIC, DIHYDRATE",13472350,O.O.O=P([O-])(O)O.[Na+],156.006,-6.205999999999998,143.59,2,2,70.71990051269532,0.9701886441149475,52.46230189005534,18.257598622639975,123.18220240275066,21.62236213684082,0.7930746939857586,42.173542175292965,-20.551180038452145,63.795904312133786,55.48230743408203,1.5830930008119166,48.053759123547245,7.4285483105347865,103.53606655762928,False,0.31951111836219237
"SODIUM PHOSPHATE, MONOBASIC, MONOHYDRATE",10049215,O.O=P([O-])(O)O.[Na+],137.99099999999999,-5.381299999999999,112.09,2,2,70.29730682373047,1.0935351594877643,52.46230189005534,17.835004933675123,122.75960871378581,21.688415145874025,0.7520073961886131,42.173542175292965,-20.48512702941894,63.86195732116699,55.090430450439456,1.4559983926278937,48.053759123547245,7.036671326892211,103.1441895739867,False,0.33027452730632445
"SODIUM PHOSPHATE, TRIBASIC",nan,O=P([O-])([O-])[O-].[Na+].[Na+].[Na+],163.94,-11.812600000000002,86.25,0,4,69.54439086914063,1.267933381210414,52.46230189005534,17.082088979085285,122.00669275919597,21.135652923583983,0.807684230983345,42.173542175292965,-21.037889251708982,63.30919509887695,47.24459991455078,1.2207977532940535,48.053759123547245,-0.8091592089964621,95.29835903809803,False,0.37855422665191363
"SODIUM PHOSPHATE, TRIBASIC, DODECAHYDRATE",10101890,O.O.O.O.O.O.O.O.O.O.O.O.O=P([O-])([O-])[O-].[Na+].[Na+].[Na+],380.12000000000006,-21.709000000000028,464.25,0,4,73.92413482666015,1.5568779083401234,52.46230189005534,21.461832936604807,126.3864367167155,20.918371963500977,0.9150072918876553,42.173542175292965,-21.255170211791988,63.09191413879394,46.18853759765625,1.9811251832420675,48.053759123547245,-1.8652215258909948,94.2422967212035,False,0.2922072453250937
"SODIUM PHOSPHATE, TRIBASIC, MONOHYDRATE",27176085,O.O=P([O-])([O-])[O-].[Na+].[Na+].[Na+],181.955,-12.6373,117.75,0,4,70.44976043701172,1.1215575670572666,52.46230189005534,17.987458546956375,122.91206232706706,22.13514404296875,0.8368059465632885,42.173542175292965,-20.038398132324215,64.30868621826171,48.26748962402344,1.609346277210077,48.053759123547245,0.21373050047619557,96.32124874757068,False,0.37341366655497654
SODIUM PHOSPHITE,13708855,O=P(=O)[O-].[Na+].[Na+],124.951,-6.5573999999999995,57.2,0,3,69.0121353149414,0.966215655544923,52.46230189005534,16.54983342488606,121.47443720499675,20.68544731140137,0.5943069317894314,42.173542175292965,-21.488094863891597,62.858989486694334,47.73669281005859,1.1387044337930659,48.053759123547245,-0.31706631348865244,95.79045193360584,False,0.3974885830318271
SODIUM PROPIONATE,137406,CCC(=O)[O-].[Na+],96.06099999999999,-3.8496999999999995,40.129999999999995,0,2,67.5765151977539,1.1195434231052213,52.46230189005534,15.114213307698563,120.03881708780925,23.7069522857666,1.2215783749386604,42.173542175292965,-18.466589889526364,65.88049446105957,47.714576721191406,1.1492069591536132,48.053759123547245,-0.3391824023558385,95.76833584473866,False,0.4335495864194755
SODIUM PROPYLPARABEN,35285699,CCCOC(=O)c1ccc([O-])cc1.[Na+],202.18499999999997,-1.6689999999999985,49.36,0,3,68.88040924072266,1.373755554916382,52.46230189005534,16.418107350667313,121.342711130778,24.32439270019531,0.8502344060434669,42.173542175292965,-17.849149475097654,66.49793487548828,39.38218536376953,0.9540909416881188,48.053759123547245,-8.671573759777715,87.43594448731677,False,0.5068593107363129
SODIUM PYROPHOSPHATE,7722885,O=P([O-])([O-])OP(=O)([O-])[O-].[Na+].[Na+].[Na+].[Na+],265.901,-15.3236,135.61,0,7,69.55241546630859,1.1672595946780304,52.46230189005534,17.090113576253245,122.01471735636393,21.476348876953125,0.7705273679361582,42.173542175292965,-20.69719329833984,63.64989105224609,45.95631484985351,1.198890425750333,48.053759123547245,-2.097444273693732,94.01007397340075,False,0.40056109981095817
SODIUM PYRROLIDONE CARBOXYLATE,54571674,O=C1CCC(C(=O)[O-])N1.[Na+],151.097,-4.981099999999999,69.23,1,3,63.166683197021484,1.39273185098428,52.46230189005534,10.704381306966141,115.62898508707683,23.507596969604492,0.5984050483942676,42.173542175292965,-18.665945205688473,65.68113914489746,43.38527069091797,0.8604147346383721,48.053759123547245,-4.668488432629275,91.43902981446521,True,0.5442303777387562
SODIUM SALICYLATE,54217,O=C([O-])c1ccccc1O.[Na+],160.10399999999998,-3.240299999999999,60.36,1,3,64.44984436035156,1.0902156596498807,52.46230189005534,11.98754247029622,116.9121462504069,21.39291305541992,0.7794704605958995,42.173542175292965,-20.780629119873044,63.56645523071289,39.625465393066406,1.0428816095397868,48.053759123547245,-8.428293730480839,87.67922451661366,False,0.506304393000613
SODIUM SILICATE,1344098,O=[Si]([O-])[O-].[Na+].[Na+],122.06299999999999,-8.8696,63.19,0,3,68.6065902709961,1.2857304517636148,52.46230189005534,16.14428838094075,121.06889216105144,20.296081161499025,0.6954194823576131,42.173542175292965,-21.87746101379394,62.46962333679199,46.46499481201172,1.3238067994686646,48.053759123547245,-1.5887643115355274,94.51875393555896,False,0.37995602864083655
SODIUM STARCH GLYCOLATE TYPE A,9063381,CCCS(=O)(=O)CC(=O)Nc1ccc(F)cc1,259.30199999999996,1.5889999999999997,63.24,1,3,68.10191802978515,1.6049353676523792,52.46230189005534,15.63961613972981,120.5642199198405,24.28285446166992,0.6146849913003332,42.173542175292965,-17.890687713623045,66.4563966369629,41.41690216064453,1.893707567177167,48.053759123547245,-6.636856962902712,89.47066128419178,False,0.4778054305282178
SODIUM STEARATE,822162,CCCCCCCCCCCCCCCCCC(=O)[O-].[Na+],306.46599999999995,2.0017999999999994,40.129999999999995,0,2,73.57108001708984,1.664363913725045,52.46230189005534,21.108778127034498,126.03338190714518,21.067861557006836,1.0614631729265482,42.173542175292965,-21.10568061828613,63.2414037322998,37.09312515258789,1.2577279968467716,48.053759123547245,-10.960633970959357,85.14688427613513,False,0.37089443075462225
SODIUM STEARYL FUMARATE,4070808,CCCCCCCCCCCCCCCCCCOC(=O)/C=C/C(=O)[O-].[Na+],390.54,2.1012,66.43,0,4,72.72589111328125,1.478519900213735,52.46230189005534,20.263589223225907,125.1881930033366,22.31939811706543,0.7758997429049668,42.173542175292965,-19.854144058227536,64.4929402923584,37.048893737792966,1.0072113359004755,48.053759123547245,-11.004865385754279,85.1026528613402,False,0.4372503319101301
SODIUM SUCCINATE HEXAHYDRATE,6106214,O.O.O.O.O.O.O=C([O-])CCC(=O)[O-].[Na+].[Na+],270.14199999999994,-13.673799999999998,269.26,0,4,70.70652770996094,1.2752692433831259,52.46230189005534,18.244225819905594,123.16882960001628,21.629314422607422,0.6477851058338913,42.173542175292965,-20.544227752685543,63.80285659790039,45.60797882080078,1.6156411335187175,48.053759123547245,-2.4457803027464635,93.66173794434803,False,0.38365674977980346
SODIUM SULFATE,7727733,O.O.O.O.O.O.O.O.O.O.O=S(=O)([O-])[O-].[Na+].[Na+],322.19300000000004,-15.576999999999991,395.26,0,4,73.30361480712891,1.8052305087803395,52.46230189005534,20.841312917073566,125.76591669718425,21.227780151367188,0.8904393566506795,42.173542175292965,-20.945762023925777,63.40132232666015,44.601679992675784,1.888145857839395,48.053759123547245,-3.4520791308714607,92.65543911622302,False,0.3119300292121885
SODIUM SULFATE ANHYDROUS,7757826,O=S(=O)([O-])[O-].[Na+].[Na+],142.04299999999998,-7.33,80.26,0,4,68.47962951660156,1.3283492567260002,52.46230189005534,16.01732762654622,120.9419314066569,21.571953201293944,0.730758064967379,42.173542175292965,-20.60158897399902,63.74549537658691,46.95155792236328,1.0794687762520538,48.053759123547245,-1.1022012011839664,95.00531704591052,False,0.4082125054304827
SODIUM SULFITE,7757837,O=S([O-])[O-].[Na+].[Na+],126.04399999999998,-6.9961,63.19,0,3,68.6065902709961,1.2857304517636148,52.46230189005534,16.14428838094075,121.06889216105144,20.296081161499025,0.6954194823576131,42.173542175292965,-21.87746101379394,62.46962333679199,46.46499481201172,1.3238067994686646,48.053759123547245,-1.5887643115355274,94.51875393555896,False,0.37995602864083655
SODIUM TARTRATE,868188,O=C([O-])[C@H](O)[C@@H](O)C(=O)[O-].[Na+].[Na+],194.04999999999998,-10.784,120.72,2,6,63.45821990966797,1.0158619833513949,52.46230189005534,10.995918019612624,115.9205217997233,23.783435440063478,0.5670144547420796,42.173542175292965,-18.390106735229487,65.95697761535644,50.638101959228514,0.9146063986087339,48.053759123547245,2.5843428356812694,98.69186108277576,False,0.510707474739645
SODIUM TARTRATE DIHYDRATE,6106247,O.O.O=C([O-])[C@H](O)[C@@H](O)C(=O)[O-].[Na+].[Na+],230.07999999999998,-12.433399999999999,183.72,2,6,65.91956939697266,0.46642725059979406,52.46230189005534,13.457267506917319,118.381871287028,23.6408992767334,0.4826516176647042,42.173542175292965,-18.532642898559565,65.81444145202636,56.07392501831055,1.549666579587223,48.053759123547245,8.020165894763302,104.1276841418578,False,0.44777788997206464
SODIUM THIOSULFATE,10102177,O.O.O.O.O.O=S([O-])([O-])=S.[Na+].[Na+],248.186,-11.121999999999996,220.69,0,4,71.39391174316407,1.7291786155767486,52.46230189005534,18.931609853108725,123.85621363321941,21.35640983581543,0.5624132446588173,42.173542175292965,-20.817132339477535,63.52995201110839,45.74620742797852,1.7819233862233104,48.053759123547245,-2.3075516955687263,93.79996655152576,False,0.3533829792670573
SODIUM THIOSULFATE ANHYDROUS,7772987,O=S([O-])([O-])=S.[Na+].[Na+],158.11100000000002,-6.9985,63.19,0,4,68.36854553222656,1.3832836078859672,52.46230189005534,15.90624364217122,120.8308474222819,21.59628829956055,0.44920808150908503,42.173542175292965,-20.577253875732417,63.769830474853514,45.6798583984375,1.1741545696932865,48.053759123547245,-2.373900725109742,93.73361752198474,False,0.43020047049018934
SOLVENT ORANGE 2,2646175,Cc1ccccc1N=Nc1c(O)ccc2ccccc12,262.31200000000007,5.269220000000004,44.95,1,3,65.93628540039063,1.3796849236998907,52.46230189005534,13.473983510335287,118.39858729044597,23.441435623168946,0.7663669250594949,42.173542175292965,-18.73210655212402,65.61497779846191,38.63022308349609,1.02454585018672,48.053759123547245,-9.423536040051154,86.68398220704333,False,0.5295556062645612
SORBIC ACID,110441,C/C=C/C=C/C(=O)O,112.12799999999999,1.2033,37.3,1,1,68.35149688720703,0.3512360374171725,52.46230189005534,15.88919499715169,120.81379877726238,20.99485549926758,0.6768898977756873,42.173542175292965,-21.178686676025386,63.168397674560545,41.37266845703125,1.3590399727635443,48.053759123547245,-6.681090666515992,89.42642758057849,False,0.46440929695873556
SORBITAN MONOLAURATE,1338392,CCCCCCCCCCCC(=O)OC[C@@H](O)[C@H]1OC[C@H](O)[C@H]1O,346.46400000000006,1.931999999999999,96.22000000000001,3,6,70.3133544921875,1.2570139833400815,52.46230189005534,17.851052602132157,122.77565638224284,22.960376358032228,0.461759612762147,42.173542175292965,-19.213165817260737,65.13391853332519,50.35473403930664,0.5087841176334545,48.053759123547245,2.3009749157593973,98.40849316285389,False,0.42862862383584976
SORBITAN MONOOLEATE,1338438,CCCCCCCC/C=C\CCCCCCCC(=O)OC[C@@H](O)[C@H]1OC[C@H](O)[C@H]1O,428.61000000000007,4.048600000000004,96.22000000000001,3,6,70.14886169433593,1.2430254875053144,52.46230189005534,17.68655980428059,122.61116358439128,22.417609405517577,0.4927366779291286,42.173542175292965,-19.755932769775388,64.59115158081055,46.77462539672852,0.285165906652396,48.053759123547245,-1.2791337268187277,94.82838452027576,False,0.4491911226457754
SORBITAN MONOPALMITATE,26266579,CCCCCCCCCCCCCCCC(=O)OC[C@@H](O)[C@H]1OC[C@H](O)[C@H]1O,402.57200000000006,3.492400000000002,96.22000000000001,3,6,71.17459106445312,1.347572668989178,52.46230189005534,18.71228917439778,123.63689295450847,22.70268135070801,0.43933253486359575,42.173542175292965,-19.470860824584957,64.87622352600097,47.73669281005859,0.2309027657536172,48.053759123547245,-0.31706631348865244,95.79045193360584,False,0.4380740191696845
SORBITAN MONOSTEARATE,1338416,CCCCCCCCCCCCCCCCCC(=O)OC[C@@H](O)[C@H]1OC[C@H](O)[C@H]1O,430.6260000000001,4.272600000000005,96.22000000000001,3,6,71.58648986816407,1.3774228403205315,52.46230189005534,19.124187978108722,124.04879175821941,22.73396987915039,0.422239782123693,42.173542175292965,-19.439572296142575,64.90751205444336,47.03449401855469,0.16457919577272243,48.053759123547245,-1.0192651049925558,95.08825314210193,False,0.44082898413579297
SORBITOL,50704,OC[C@@H](O)[C@@H](O)[C@H](O)[C@@H](O)CO,182.172,-3.5854000000000004,121.38000000000001,6,6,59.004923248291014,1.7783847648434463,52.46230189005534,6.542621358235671,111.46722513834635,24.291382598876954,0.3045343797672182,42.173542175292965,-17.88215957641601,66.46492477416992,71.70545349121093,0.9801379381083134,48.053759123547245,23.651694367663687,119.75921261475818,False,0.41495464507508223
STANNOUS TARTRATE,815850,O=C([O-])[C@H](O)[C@@H](O)C(=O)[O-].[Sn+2],266.78099999999995,-5.172799999999999,120.72,2,6,62.58628158569336,1.106788755137248,52.46230189005534,10.123979695638013,115.0485834757487,22.37676010131836,0.7186332891744133,42.173542175292965,-19.796782073974605,64.55030227661132,48.25090103149414,0.5842582501704822,48.053759123547245,0.197141907946893,96.30466015504138,False,0.5059839740262331
STEARAMIDOETHYL DIETHYLAMINE,16889148,CCCCCCCCCCCCCCCCCC(=O)NCCN(CC)CC,382.67700000000013,6.705900000000007,32.34,1,2,75.70010375976562,1.5969277905923998,52.46230189005534,23.23780186971028,128.16240564982098,20.574200057983397,0.6056881045418537,42.173542175292965,-21.59934211730957,62.74774223327636,39.12784423828125,0.9775138468424559,48.053759123547245,-8.925914885265996,87.1816033618285,False,0.3604973605641235
STEARETH-10,9005009,CCCCCCCCCCCCCCCCCCOCCO,314.554,6.256800000000007,29.46,1,2,78.25707092285157,2.270374452475807,52.46230189005534,25.794769032796225,130.7193728129069,21.01919059753418,0.7550148439440246,42.173542175292965,-21.154351577758785,63.19273277282714,39.64758224487305,1.9171323274303127,48.053759123547245,-8.406176878674195,87.70134136842029,False,0.27619949994148807
STEARETH-2,16057435,CCCCCCCCCCCCCCCCCCOCCOCCO,358.6070000000001,6.273400000000008,38.69,1,3,79.13435668945313,2.2771704453272212,52.46230189005534,26.672054799397785,131.59665857950847,20.91489601135254,0.7572527931122303,42.173542175292965,-21.258646163940426,63.088438186645504,41.33949356079101,1.7349122824748917,48.053759123547245,-6.714265562756232,89.39325268433825,False,0.25790566515894997
STEARIC DIETHANOLAMIDE,93823,CCCCCCCCCCCCCCCCCC(=O)N(CCO)CCO,371.6060000000001,5.061100000000006,60.77000000000001,2,3,73.49618988037109,1.2155522599236765,52.46230189005534,21.033887990315748,125.95849177042643,21.09567337036133,0.5959319357805426,42.173542175292965,-21.077868804931637,63.26921554565429,36.650796508789064,1.4047034587612595,48.053759123547245,-11.40296261475818,84.70455563233631,False,0.41365393389735194
STEARIC HYDRAZIDE,4130545,CCCCCCCCCCCCCCCCCC(=O)NN,298.51499999999993,5.237800000000004,55.120000000000005,2,2,74.31463623046875,1.3726363549431952,52.46230189005534,21.852334340413407,126.7769381205241,21.08350601196289,0.9230788682168574,42.173542175292965,-21.090036163330076,63.257048187255855,35.78825225830078,1.0938154714586024,48.053759123547245,-12.265506865246465,83.84201138184802,False,0.3949928676868768
STEARYL ALCOHOL,112925,CCCCCCCCCCCCCCCCCCO,270.50099999999986,6.240200000000008,20.23,1,1,77.97890777587891,2.2494067932161164,52.46230189005534,25.516605885823566,130.44120966593425,19.910189819335937,0.6211741595551361,42.173542175292965,-22.26335235595703,62.083731994628906,38.36482467651367,1.7986584435929334,48.053759123547245,-9.688934447033574,86.41858380006092,False,0.277460821965006
SUCCINIC ACID,110156,O=C(O)CCC(=O)O,118.088,-0.06420000000000009,74.6,2,2,62.16636199951172,0.7275849866509909,52.46230189005534,9.704060109456378,114.62866388956706,18.234521865844727,0.5446456711016646,42.173542175292965,-23.93902030944824,60.40806404113769,53.553680419921875,0.8688873177887865,48.053759123547245,5.49992129637463,101.60743954346913,False,0.40438120401829636
SUCRALOSE,56038132,OC[C@H]1O[C@H](O[C@]2(CCl)O[C@H](CCl)[C@@H](O)[C@@H]2O)[C@H](O)[C@@H](O)[C@H]1Cl,397.635,-1.6561000000000003,128.84,5,8,62.66652145385742,1.804501274433919,52.46230189005534,10.204219563802077,115.12882334391276,24.2725341796875,0.9904379551593886,42.173542175292965,-17.901007995605465,66.44607635498046,75.02292938232422,0.5568777969773905,48.053759123547245,26.969170258776977,123.07668850587146,False,0.32282190025852187
SUCROSE,57501,OC[C@H]1O[C@@](CO)(O[C@H]2O[C@H](CO)[C@@H](O)[C@H](O)[C@H]2O)[C@@H](O)[C@@H]1O,342.297,-5.395599999999993,189.52999999999997,8,11,62.147640228271484,2.035719237265803,52.46230189005534,9.685338338216141,114.60994211832683,24.691233825683593,0.6763168568639983,42.173542175292965,-17.482308349609372,66.86477600097656,76.15087280273437,0.7900268633375688,48.053759123547245,28.097113679187125,124.20463192628162,False,0.33269953055631585
SULFUR,10544500,S1SSSSSSS1,256.536,5.1856,0.0,0,8,73.29291687011718,1.6424187919404336,52.46230189005534,20.83061498006184,125.75521876017253,17.490553283691405,0.7956229665456216,42.173542175292965,-24.68298889160156,59.66409545898437,52.66245346069336,0.6254635180980814,48.053759123547245,4.608694337146112,100.7162125842406,False,0.23058794598472365
SULFURIC ACID,7664939,O=S(=O)(O)O,98.07899999999998,-0.6527999999999998,74.60000000000001,2,2,62.94468536376953,1.2427888615070142,52.46230189005534,10.482383473714187,115.40698725382487,21.262544631958008,0.43679481384148094,42.173542175292965,-20.910997543334958,63.43608680725097,50.64579086303711,1.2674358699621069,48.053759123547245,2.5920317394898618,98.69954998658434,False,0.4535501122896384
SULFUROUS ACID,7782992,O=S(O)O,82.07999999999998,-0.3189,57.53,2,1,59.93570175170898,0.5521972444163082,52.46230189005534,7.47339986165364,112.39800364176432,18.40139274597168,0.627157230486889,42.173542175292965,-23.772149429321285,60.57493492126464,52.780206298828126,0.8898655816242731,48.053759123547245,4.726447175280882,100.83396542237537,False,0.43887437079729796
TAGATOSE,41847614,OCC1(O)OC[C@@H](O)[C@H](O)[C@@H]1O,180.156,-3.2197999999999998,110.38000000000001,5,6,61.10185012817383,1.7849694151090185,52.46230189005534,8.639548238118486,113.56415201822918,23.064236450195313,1.0586696023291744,42.173542175292965,-19.109305725097652,65.23777862548827,80.24242248535157,0.3174306938073355,48.053759123547245,32.18866336180432,128.29618160889882,False,0.28427384045905624
TALC,14807966,[Mg+2].[Mg+2].[Mg+2].[O-][Si]12O[Si]3([O-])O[Si]([O-])(O1)O[Si]([O-])(O2)O3.[OH-].[OH-],379.2630000000001,-8.185599999999997,207.61999999999998,0,12,70.02449188232421,1.2732191108941193,52.46230189005534,17.56218999226887,122.48679377237956,21.3494571685791,0.8157985722373698,42.173542175292965,-20.824085006713865,63.522999343872065,47.22248458862305,1.7818371820455936,48.053759123547245,-0.8312745349241979,95.2762437121703,False,0.3598103349871903
TARTARIC ACID,526830,O=C(O)C(O)C(O)C(=O)O,150.08599999999998,-2.1226,115.06000000000002,4,4,58.6465202331543,1.3091705654526269,52.46230189005534,6.184218343098955,111.10882212320965,22.411524963378906,0.30885019815605846,42.173542175292965,-19.76201721191406,64.58506713867187,63.898328399658205,0.7543957948812994,48.053759123547245,15.84456927611096,111.95208752320545,False,0.45649258890060557
TENOX,nan,CN1C(=O)C(O)N=C(c2ccccc2)c2cc(Cl)ccc21,300.74500000000006,2.4722,52.900000000000006,1,3,66.08472900390625,1.4408597481207621,52.46230189005534,13.622427113850904,118.54703089396159,23.898322677612306,0.722439806112697,42.173542175292965,-18.27521949768066,66.07186485290526,43.69490203857422,0.7923461731985915,48.053759123547245,-4.358857084973025,91.74866116212146,False,0.5104227167097091
TERT-BUTYL ALCOHOL,75650,CC(C)(C)O,74.12299999999999,0.7771999999999999,20.23,1,1,70.44441223144531,1.121025192759723,52.46230189005534,17.98211034138997,122.90671412150066,26.828406143188477,0.5158345944209429,42.173542175292965,-15.345136032104488,69.00194831848144,52.50656967163086,1.8551810512911775,48.053759123547245,4.452810548083612,100.5603287951781,True,0.4522177597114587
TERT-BUTYLHYDROQUINONE,1948330,CC(C)(C)c1cc(O)ccc1O,166.21999999999997,2.395300000000001,40.46,2,2,68.28462982177734,1.3345301632645885,52.46230189005534,15.822327931722,120.74693171183269,24.607145690917967,0.4859808676920355,42.173542175292965,-17.566396484374998,66.78068786621094,42.69966049194336,1.381794851446305,48.053759123547245,-5.3540986316038826,90.7534196154906,False,0.5063585644994716
TETRAXETAN,60239181,O=C(O)CN1CCN(CC(=O)O)CCN(CC(=O)O)CCN(CC(=O)O)CC1,404.42000000000024,-2.4535999999999927,162.15999999999997,4,8,68.65640716552734,0.9556000043632791,52.46230189005534,16.194105275471998,121.11870905558268,18.012026596069337,0.4139214758212887,42.173542175292965,-24.16151557922363,60.1855687713623,45.59692153930664,1.293933505421877,48.053759123547245,-2.4568375842406027,93.65068066285389,False,0.36729355060267677
THIMEROSAL,54648,C[CH2][Hg][S]c1ccccc1C(=O)[O-].[Na+],404.81600000000014,-1.4181000000000001,40.129999999999995,0,3,67.0314712524414,0.6137425329670734,52.46230189005534,14.569169362386063,119.49377314249675,24.813996887207033,0.7173172360461845,42.173542175292965,-17.359545288085933,66.98753906249999,38.95091247558594,1.1661080890868691,48.053759123547245,-9.102846647961307,87.00467159913319,False,0.5684939014728647
THREONINE,72195,C[C@@H](O)[C@H](N)C(=O)O,119.11999999999999,-1.2208999999999997,83.55,3,3,63.51706161499023,1.1000586436319844,52.46230189005534,11.05475972493489,115.97936350504557,27.551516342163087,0.469184223204184,42.173542175292965,-14.622025833129879,69.72505851745605,63.34541473388672,1.1584276360641481,48.053759123547245,15.291655610339475,111.39917385743396,False,0.4963898622820334
THYMOL,89838,Cc1ccc(C(C)C)c(O)c1,150.221,2.824020000000001,20.23,1,1,66.9259048461914,1.3664731257376346,52.46230189005534,14.463602956136057,119.38820673624674,24.062857818603515,0.3590987681124769,42.173542175292965,-18.11068435668945,66.23639999389648,38.243185424804686,1.1840078719123728,48.053759123547245,-9.810573698742559,86.29694454835193,False,0.5531140379001078
TOCOPHEROL,1406662,Cc1c(O)cc2c(c1C)OC(C)(CCCC(C)CCCC(C)CCCC(C)C)CC2,416.6900000000003,8.531840000000004,29.46,1,2,70.48185577392579,1.1891352828154529,52.46230189005534,18.019553883870444,122.94415766398113,24.166501235961913,0.4894694994093719,42.173542175292965,-18.007040939331052,66.34004341125488,46.072425842285156,1.379027110759245,48.053759123547245,-1.9813332812620885,94.12618496583241,False,0.4546131668357662
TREHALOSE DIHYDRATE,6138234,O.O.OC[C@H]1O[C@H](O[C@H]2O[C@H](CO)[C@@H](O)[C@H](O)[C@H]2O)[C@H](O)[C@@H](O)[C@@H]1O,378.32700000000006,-7.046599999999991,252.52999999999994,8,11,63.797900390625,1.6688642339340232,52.46230189005534,11.33559850056966,116.26020228068035,24.70427017211914,0.6199767125192992,42.173542175292965,-17.469272003173824,66.8778123474121,76.52685089111328,0.9701069075583307,48.053759123547245,28.47309176756604,124.58061001466052,False,0.32239820198620506
TRIACETIN,102761,CC(=O)OCC(COC(C)=O)OC(C)=O,218.20499999999998,0.044299999999999784,78.9,0,6,71.09167938232422,1.1730597783144208,52.46230189005534,18.629377492268873,123.55398127237956,23.817113876342773,0.9108543691769925,42.173542175292965,-18.356428298950192,65.99065605163574,47.675872802734375,1.4240694708970858,48.053759123547245,-0.37788632081286977,95.72963192628163,False,0.40427609517390817
TRICAPRILIN,538238,CCCCCCCC(=O)OCC(COC(=O)CCCCCCC)OC(=O)CCCCCCC,470.6910000000005,7.066100000000009,78.9,0,6,73.50153961181641,1.5940914230879062,52.46230189005534,21.03923772176107,125.96384150187176,21.193014907836915,0.641278548182487,42.173542175292965,-20.98052726745605,63.36655708312988,39.271602630615234,0.6666202997225433,48.053759123547245,-8.78215649293201,87.32536175416249,False,0.4045643173111206
TRIDECETH-10,24938918,CCCCCCCCCCCCCOCCO,244.41899999999993,4.306300000000005,29.46,1,2,78.69571533203126,2.126307285799337,52.46230189005534,26.233413441975912,131.15801722208658,20.827983856201172,0.7659808156126903,42.173542175292965,-21.345558319091793,63.00152603149414,42.09145584106445,1.8751484151345699,48.053759123547245,-5.962303282482793,90.1452149646117,False,0.2564232306532728
TRIETHANOLAMINE LAURYL SULFATE,139968,CCCCCCCCCCCCOS(=O)(=O)O.OCCN(CCO)CCO,415.59300000000025,1.9920000000000004,127.53000000000002,4,7,74.36812744140624,1.489799521289002,52.46230189005534,21.9058255513509,126.83042933146159,18.644747924804687,0.382477256313438,42.173542175292965,-23.52879425048828,60.818290100097656,43.93818359375,0.5824239971523509,48.053759123547245,-4.115575529797248,91.99194271729723,False,0.3321457070760922
TRIETHYL CITRATE,77930,CCOC(=O)CC(O)(CC(=O)OCC)C(=O)OCC,276.28499999999997,0.18700000000000006,99.13000000000001,1,7,70.3080062866211,1.3237621332871508,52.46230189005534,17.84570439656575,122.77030817667644,22.482793045043945,1.0016332635440142,42.173542175292965,-19.69074913024902,64.65633522033691,41.184678649902345,1.6663128170654105,48.053759123547245,-6.8690804736449,89.23843777344959,False,0.41179901198403257
TRISODIUM CITRATE DIHYDRATE,6132043,O.O.O=C([O-])CC(O)(CC(=O)[O-])C(=O)[O-].[Na+].[Na+].[Na+],294.099,-15.890000000000002,203.62,1,7,68.15248565673828,0.8371633245907216,52.46230189005534,15.690183766682935,120.61478754679362,23.269783401489256,0.6890282943155936,42.173542175292965,-18.90375877380371,65.44332557678223,45.049537658691406,1.4219208234619367,48.053759123547245,-3.0042214648558385,93.10329678223866,False,0.4687552258275115
TRISODIUM HEDTA,7578429,O=C([O-])CN(CCO)CCN(CC(=O)[O-])CC(=O)[O-].[Na+].[Na+].[Na+],344.207,-15.155600000000002,147.1,1,9,68.04226226806641,0.9017601081860441,52.46230189005534,15.579960378011066,120.50456415812175,21.815307235717775,0.4896054625431767,42.173542175292965,-20.35823493957519,63.98884941101074,43.39632949829102,1.1089174248153275,48.053759123547245,-4.657429625256228,91.45008862183826,False,0.47035195632555865
TROLAMINE,102716,OCCN(CCO)CCO,149.19,-1.734699999999999,63.93000000000001,3,4,67.90917358398437,0.8105038025827055,52.46230189005534,15.446871693929026,120.37147547403971,14.167028045654297,0.45572541989657084,42.173542175292965,-28.006514129638667,56.340570220947264,54.16084594726563,0.4612846600756893,48.053759123547245,6.107086823718383,102.21460507081287,False,0.26684279782701487
TROMETHAMINE,77861,NC(CO)(CO)CO,121.136,-2.3391999999999995,86.71000000000001,4,4,59.56659927368164,1.084392694979712,52.46230189005534,7.104297383626296,112.02890116373698,25.283540725708008,0.6684429263335884,42.173542175292965,-16.890001449584958,67.45708290100097,63.62187194824219,1.784940128433586,48.053759123547245,15.568112824694943,111.67563107178944,False,0.4621997514662969
TRYPTOPHAN,73223,N[C@@H](Cc1c[nH]c2ccccc12)C(=O)O,204.22899999999998,1.1223000000000003,79.11,3,2,65.13923645019531,0.7957903696628507,52.46230189005534,12.67693456013997,117.60153834025066,24.27101249694824,0.37438025421289745,42.173542175292965,-17.902529678344724,66.44455467224121,39.31583480834961,1.1558907651136798,48.053759123547245,-8.737924315197638,87.36959393189684,True,0.59016238341939
UNDECYLENIC ACID,112389,C=CCCCCCCCCC(=O)O,184.279,3.3778000000000015,37.3,1,1,70.9365478515625,0.48722698043614016,52.46230189005534,18.47424596150715,123.39884974161784,20.539435577392577,0.6374789251539407,42.173542175292965,-21.634106597900388,62.712977752685546,42.45637817382813,0.7033953216027141,48.053759123547245,-5.597380949719117,90.51013729737537,False,0.43622616176065376
UREA,57136,NC(N)=O,60.056,-0.9762000000000002,69.11,2,1,59.261688995361325,0.9989887293437408,52.46230189005534,6.799387105305982,111.72399088541667,27.97217140197754,0.3581968132870077,42.173542175292965,-14.201370773315425,70.1457135772705,58.45766830444336,0.8110307109334579,48.053759123547245,10.403909180896115,106.51142742799061,True,0.6068402205144777
VALINE,72184,CC(C)[C@H](N)C(=O)O,117.14799999999998,0.05430000000000007,63.32000000000001,2,2,65.72632598876953,1.0460048946707168,52.46230189005534,13.264024098714188,118.18862787882487,26.64589042663574,0.6085940580874074,42.173542175292965,-15.527651748657224,68.81943260192871,54.19868621826172,0.9084812215005537,48.053759123547245,6.144927094714475,102.25244534180896,True,0.5164212278845519
VANILLIN,121335,COc1cc(C=O)ccc1O,152.14899999999997,1.2132999999999998,46.53,1,3,68.65239562988282,1.6877884017237161,52.46230189005534,16.190093739827475,121.11469751993816,23.836180114746092,0.5656278123311987,42.173542175292965,-18.337362060546873,66.00972229003906,44.961072540283205,1.0343456198472736,48.053759123547245,-3.0926865832640402,93.01483166383045,False,0.464701903163836
WAX,nan,Nc1cccc(C(=O)N2CCOCC2)c1,206.24499999999995,0.7411999999999999,55.56,1,3,65.80656280517579,1.0669525976375949,52.46230189005534,13.344260915120444,118.26886469523113,23.886759185791014,0.607166094156227,42.173542175292965,-18.28678298950195,66.06030136108399,39.59229049682617,0.7569866160080522,48.053759123547245,-8.461468626721071,87.64604962037342,False,0.5620542434872352
XYLITOL,87990,OC[C@@H](O)C(O)[C@@H](O)CO,152.146,-2.9463000000000004,101.15,5,5,57.81202697753906,1.6590100319019876,52.46230189005534,5.349725087483719,110.2743288675944,22.95516166687012,0.4139944948894477,42.173542175292965,-19.218380508422847,65.12870384216308,70.1351821899414,1.1298904272752641,48.053759123547245,22.08142306639416,118.18894131348864,True,0.4048309005912078
ZINC ACETATE,5970456,CC(=O)O.O.[Zn],143.457,-0.7363,68.8,1,1,71.8593032836914,0.7174057032556151,52.46230189005534,19.39700139363606,124.32160517374675,22.02172393798828,1.0563107689821087,42.173542175292965,-20.151818237304685,64.19526611328125,56.98000946044922,1.4107365840213923,48.053759123547245,8.926250336901973,105.03376858399646,False,0.3034597453781398
ZINC CARBONATE,5263025,O=C([O-])[O-].[Zn+2],125.398,-2.4495,63.19,0,3,63.99448699951172,1.0258562457220533,52.46230189005534,11.532185109456378,116.45678888956706,20.542911529541016,0.9156446748198496,42.173542175292965,-21.63063064575195,62.71645370483398,43.61749420166016,1.0138681878809686,48.053759123547245,-4.436264921887087,91.6712533252074,False,0.46208518840673285
ZINC SULFATE,nan,O=S(=O)([O-])[O-].[Zn+2],161.45299999999997,-1.3404999999999996,80.26,0,4,64.85020904541015,1.3483430850196627,52.46230189005534,12.38790715535481,117.3125109354655,20.508146667480467,0.8261329217095527,42.173542175292965,-21.665395507812498,62.68168884277343,44.93342666625976,0.744606983141155,48.053759123547245,-3.120332457287482,92.987185789807,False,0.44500277768529967
